Elazığ;(10. Yarış Günü);13/05/2026
1. Kosu :   17.45;Maiden; 3 Yaşlı İngilizler; 58.00kg; 1700m; Kum;;;;Rekor Derece :1.47.45
İkramiye;;;;;Yetiştirici Primi;;;;
1.)395.000 TL;2.)158.000 TL;3.)79.000 TL;4.)39.500 TL;5.)19.750 TL;1.)94.800 TL;2.)37.920 TL;3.)18.960 TL;4.)9.480 TL;5.)4.740 TL;
At No;At İsmi;Yaş;Orijin(Baba);Orijin(Anne);Kilo;Jokey Adı;Sahip Adı;Antrenör Adı;St;AGF;H;Derece;Ganyan;Fark
1;ALPERİN OĞLU KG K DB;3y d  e;MY FREEDOM;KIZIM ASUDE;58;MEH.TAŞKAYA;ALİ BAKIR;F.BAKIR;2;%15.07(4);23;2:00.26;5,45;7,5 Boy
2;BLUE COMET KG SK;3y d  e;BLUEGRASS CAT (USA);STILL DREAMING;58;İ.AKYAVUZ;MUHAMMED ALİ ÇİZİK;T.ÇİZİK;4;%15.8(3);;2:01.70;3,20;1 Boy
3;THAT BEATS ALL K DB;3y d  e;AIR VICE MARSHAL (USA);TOMESCU (AUS);60;N.ALTIN;ÖZLEM TEKİNALP;E.ALTIN;7;%28.31(1);27;2:01.87;2,80;2,5 Boy
4;ÜÇYÜREK DB SKG SK;3y d  e;BATTLEGROUND (USA);STAR QUALITY;58;M.DOĞAN;FERAT ÖZKAN;ES.YILDIRIM;12 - DS;%18.02(2);17;2:02.36;4,45;13 Boy
5;FALLING STAR DB SKG SK;3y d  d;TRAPPE SHOT (USA);BALUSHKA;56 +0.10;A.H.BAYAR;SADIK ÇETİN;H.TEKİNALP;9;%2.45(9);22;2:04.86;20,15;
6;KING OF DEEP SKG SK;3y d  e;KING OF THE SUN;DEEP ALP;60;H.ALTUNDAĞ;MEHMET ALİ BECENE;MEHM.KAYA;5;%3.24(7);23;2:06.02;18,15;
7;MISS CURA KG DB SK;3y d  d;LION HEART (USA);SAYANORA;56 +1.50;Y.CENGİZ;ALİ ŞAHİN;E.ALTIN;11;%7.36(5);21;2:07.99;7,30;
8;SLICE OF LIFE SKG SK;3y a  e;VICTOIRE PISA (JPN);PARDON KIZ;58;A.AKDEMİR;MEHMET NARÇİN;M.BULUÇ;3;%1.23(10);;2:10.57;45,05;
9;KAPLAN ATEŞİ KG DB SK;3y a  e;FINESSE;MY BIG DREAM;62;İ.KATAR;SAVAŞ ERCÜMENT BECENE;A.IŞIK;10;%2.74(8);27;2:17.80;12,65;
10;DEEP WOODS SKG SK;3y d  e;TIZWAY (USA);FOREST LEGEND (USA);55 +2.00;A.ÇANKAYA AP;MUHAMMED ALİ ÇİZİK;T.ÇİZİK;8;%1.24(3);;2:23.41;3,20;
11;KÜÇÜK KANEKO KG SK;3y d  e;KANEKO;KÜÇÜK MATRA;58 +0.70;S.KAPLAN;MAHMUT KARAKEÇİ;Z.AKDEMİR;6;%4.32(6);;2:40.19;14,95;
12;KUMBULAZ (Koşmaz);3y d  e;BY THE TIME;MRS DADAŞ;55;M.P.DEMİR AP;MEHMET DEMİR;H.TEKİNALP;1;%0.23(11);;Koşmaz;;
[(5)BLUE COMET,(6)DEEP WOODS,] eküridir.GANYAN(4) :5,45 TL, İKİLİ(4/5) :21,70 TL, SIRALI İKİLİ(4/5) :38,75 TL

2. Kosu :   18.30;ŞARTLI 4; 3 ve Yukarı İngilizler; 52.00kg; 60.00 kg; 61.00 kg; 1900m; Kum;;;;Rekor Derece :2.01.31
İkramiye;;;;;Yetiştirici Primi;;;;
1.)350.000 TL;2.)140.000 TL;3.)70.000 TL;4.)35.000 TL;5.)17.500 TL;1.)63.000 TL;2.)25.200 TL;3.)12.600 TL;4.)6.300 TL;5.)3.150 TL;
At No;At İsmi;Yaş;Orijin(Baba);Orijin(Anne);Kilo;Jokey Adı;Sahip Adı;Antrenör Adı;St;AGF;H;Derece;Ganyan;Fark
1;GALLOON SKG SK SGKR;4y d  a;TOUGH GUY;TOUGH GIRL;60;MEH.TAŞKAYA;KENAN ÖZDEMİR;T.AYDIN;3;%64.91(1);85;2:10.01;1,25;11 Boy
2;OĞLUM SALİH K DB;4y d  a;EUPRHATES (USA);PIETRA;56 +1.50;Y.CENGİZ;AHMET DİLMAÇ;A.IŞIK;2;%1.41(6);65;2:12.17;19,80;1,5  Boy
3;EMİN AMCA SK;7y d  a;NEARLY GREEN;HELINDA;61;H.ALTUNDAĞ;MEHMET EMİN DEMİRKAPU;B.DEMİRKAPU;6;%6.33(4);81;2:12.51;9,65;3 Boy
4;KURTULUŞ ANADOLU SKG SK;5y k  a;MENDIP (USA);ROKOKO;57;İ.AKYAVUZ;HÜSEYİN ÇELİK;S.KARAKEÇİLİ;5;%8.73(3);63;2:13.12;5,95;19 Boy
5;KING DALAZ KG SK;4y d  a;UNIFIED* (USA);LIBERTY LUNCH (USA);60;A.H.BAYAR;ĞEMDİN ULUCAN;B.FAHRİOĞLU;1;%15.76(2);76;2:16.87;3,40;
6;BALDUR DB SKG SK;4y k  a;KING OF THE SUN;THINK N SPELL;52 +2.00;İ.AKIN AP;HİKMET ÇELİK;S.KARAKEÇİLİ;4;%2.86(5);67;2:21.50;12,65;
GANYAN(2) :1,25 TL, SIRALI İKİLİ(2/6) :21,40 TL, 1. ÇİFTE(4/2) :9,25 TL

3. Kosu :   19.00;Handikap 15 /H3; 3 ve Yukarı İngilizler; kg; 1600m; Kum;;;;Rekor Derece :1.41.32
İkramiye;;;;;Yetiştirici Primi;;;;
1.)350.000 TL;2.)140.000 TL;3.)70.000 TL;4.)35.000 TL;5.)17.500 TL;1.)63.000 TL;2.)25.200 TL;3.)12.600 TL;4.)6.300 TL;5.)3.150 TL;
At No;At İsmi;Yaş;Orijin(Baba);Orijin(Anne);Kilo;Jokey Adı;Sahip Adı;Antrenör Adı;St;AGF;H;Derece;Ganyan;Fark
1;IRON LION KG K;4y a  a;LION HEART (USA);DEMİRSU;60,5;M.A.AKTÜRK;CEMİL ÇİZİK;Z.AKDEMİR;3;%14.07(1)  %15.05(1);48;1:48.56;4,10;10 Boy
2;SEASMOKE DB SK;4y d  g;MENDIP (USA);SEA SECRET;59;İ.AKYAVUZ;MUHAMMED ŞERİF FELHAN;A.AKBABA;5;%11.46(3)  %12.54(3);45;1:50.84;6,75;1 Boy
3;HAMİDİN KG SK;6y a  a;LION HEART (USA);MISSY FRANKLIN;62,5;N.ALTIN;MEHMET ÇEVİK;H.TEKİNALP;6;%5.78(9)  %5.64(9);50;1:51.00;14,25;2 Boy
4;BY CURA DB SK;5y k  a;GREY CORAL;NADIA DANCER;61;F.YARDIMCI;HASİBE ÇOLAK CURA;T.ÇİZİK;9;%11.65(2)  %12.82(2);47;1:51.38;5,45;Boyun
5;LION ROBERO DB SKG SK;4y d  a;VICTORY GALLOP (CAN);RAFİA;61,5;Y.CENGİZ;HASAN ALPAY;E.ALTIN;13;%8.43(7)  %8.47(7);50;1:51.46;7,25;
6;FOÇA STORM SKG SK;5y d k;GRAYSTORM;MADE IN FOÇA;57,5;A.H.BAYAR;HÜSEYİN ÇELİK;S.KARAKEÇİLİ;7;%2.67(11)  %2.6(11);40;1:52.07;17,05;
7;SKYDIVE DB SK;5y d k;MYBOYCHARLIE (IRE);BEYAZ GÖLGE;63;MEH.TAŞKAYA;ALAETTİN ÖZCAN;F.YALÇINKAYA;1;%8.38(8)  %7.39(8);51;1:52.21;7,65;
8;GREEN GÖLE K DB;4y d  a;VICTOIRE PISA (JPN);ARİN;62;İ.KATAR;İSMAİL ÖZCAN;B.FAHRİOĞLU;8;%10.71(4)  %10.38(5);51;1:56.50;6,55;
9;SWIFT PASSING KG DB SK;5y d k;TIZWAY (USA);ELLE STRIKE (USA);58,5;A.ÇANKAYA AP;ADİL ÇİZİK;T.ÇİZİK;2;%1.98(12)  %1.97(12);46;1:56.56;25,65;
10;EXOSOME DB SKG SK;4y d k;SIDNEY'S CANDY (USA);DESIRES PEARL;51,5 +1.90;Ç.CANPOLAT AP;KADRİ FELHAN;A.AKBABA;10;%2.91(10)  %2.94(10);30;2:01.90;27,55;
11;OĞUZ BAŞKAN SKG SK;4y d  a;APPROVE (IRE);CASA INGRID (FR);57 +0.70;H.ALTUNDAĞ;MEHMET ALİ BECENE;MEHM.KAYA;12;%9.94(5)  %9.17(6);41;2:04.76;8,25;
12;BODEXCEPTIONAL KG DB SK;4y d  a;BODEMEISTER (USA);NUIT BLANCHE;55 +1.30;A.AKDEMİR;NURAY TEMİZKAN;F.YALÇINKAYA;11;%9.74(6)  %10.74(4);37;2:12.85;6,00;
13;DERKO DB SK (Koşmaz);5y d  a;LION HEART (USA);TRUTHFUL GIRL;53;B.SARIDAL AP;MEHMET EMİN DEMİRKAPU;B.DEMİRKAPU;4;%2.28(13)  %0.28(13);31;Koşmaz;;
GANYAN(5) :4,10 TL, İKİLİ(5/8) :14,65 TL, SIRALI İKİLİ(5/8) :37,20 TL, 2. ÇİFTE(2/5) :10,70 TL

4. Kosu :   19.30;Maiden; 3 Yaşlı İngilizler; 58.00kg; 1700m; Kum;;;;Rekor Derece :1.47.45
İkramiye;;;;;Yetiştirici Primi;;;;
1.)395.000 TL;2.)158.000 TL;3.)79.000 TL;4.)39.500 TL;5.)19.750 TL;1.)94.800 TL;2.)37.920 TL;3.)18.960 TL;4.)9.480 TL;5.)4.740 TL;
At No;At İsmi;Yaş;Orijin(Baba);Orijin(Anne);Kilo;Jokey Adı;Sahip Adı;Antrenör Adı;St;AGF;H;Derece;Ganyan;Fark
1;CROWN TOZAN KG DB;3y d  e;SUPER ALP (USA);ENRICHING GIRL;60;İ.AKYAVUZ;CANER ARIK;E.ALTIN;4;%11.66(3)  %10.85(3);23;2:00.19;7,65;3 Boy
2;CRAZY RIVER DB SKG SK;3y d  d;KANEKO;DOLCE VITA;59;N.ALTIN;BİLAL EMİROĞLU;B.FAHRİOĞLU;3;%25.74(1)  %25.94(1);27;2:00.78;3,05;2,5 Boy
3;AEMOND DB SK;3y k  e;NATIVE KHAN (FR);MEMBRAN GRADE;58 +0.20;Y.CENGİZ;MEHMET ALİ BECENE;MEHM.KAYA;12;%4.16(8)  %4.64(8);22;2:01.23;11,35;4 Boy
4;SINCERO KG DB SK;3y a  e;KANEKO;GOOD MEMORY;63;Ç.CANPOLAT AP;GÜLİZAR YANIK;F.BAKAY;2;%7.64(6)  %6.77(6);30;2:02.10;7,20;Burun
5;KING BOREAS DB SKG SK;3y d  e;TIZWAY (USA);ELLA;60;A.AKDEMİR;GİZEM ÇAKMAKOĞLU;MEHM.KAYA;5;%8.03(5)  %8.45(5);24;2:02.11;9,05;
6;TRY YOU WANT DB SKG SK;3y d  e;KLIMT (USA);KATYA;58;A.H.BAYAR;SADIK ÇETİN;H.TEKİNALP;7;%2.54(10)  %2.51(10);20;2:02.16;21,50;
7;ZAEDNO KG K DB;3y d  e;NOBEL PRIZE (IRE);SILVER SHOES;58 +0.90;S.KAPLAN;ÖMER DEMİR;S.KARAKEÇİLİ;8;%5.7(7)  %6.01(7);22;2:02.46;11,85;
8;PHARAON K DB SKG;3y d  e;KLIMT (USA);MYTH AND MAGIC (IRE);55 +2.00;A.ÇANKAYA AP;İBRAHİM HALİL TURAN;T.ÇİZİK;1;%1.42(11)  %1.26(11);8;2:04.38;33,15;
9;LAST GAME DB SKG SK;3y a  e;FINESSE;SUN RAIN;58 +0.10;MEH.TAŞKAYA;MUSTAFA SARIDAL;MAHMUT DOĞAN;9;%3(9)  %3.31(9);20;2:09.54;17,35;
10;MY BROWNIE KG DB;3y a  d;VOODOO SONG (USA);BELLA AMIGA;58;M.A.AKTÜRK;FERAT ÖZKAN;ES.YILDIRIM;10;%0.91(12)  %0.91(12);26;2:10.90;36,05;
11;KING EYMEN KG SK;3y d  e;BODEMEISTER (USA);KIZIL TÜRE;58;F.YARDIMCI;HÜSEYİN DİLBER;A.YARDIMCI;11;%20.21(2)  %19.73(2);26;2:14.44;3,50;
12;MR MASTER KG K DB;3y d  e;BODEMEISTER (USA);RAIN DROP;58;İ.KATAR;İZZETTİN SUNKAR;M.A.SUBAY;6;%8.98(4)  %9.63(4);22;2:18.78;6,30;
GANYAN(2) :7,65 TL, 1. 3'LÜ GANYAN(2/5,12/2) :148,40 TL, İKİLİ(2/11) :11,70 TL, SIRALI İKİLİ(2/11) :37,85 TL, ÜÇLÜ BAHİS(2/11/4) :770,60 TL, PLASE(11) :2,70 TL, PLASE(2) :4,40 TL, PLASE İKİLİ(2/11) :8,10 TL, PLASE İKİLİ(2/4) :24,50 TL, PLASE İKİLİ(4/11) :18,80 TL, SIRALI 5 Lİ BAHİS(2/11/4/1/3) :38.783,81 TL, 3. ÇİFTE(5/2) :83,35 TL

5. Kosu :   20.00;Handikap 15/DHÖ /H3; 4 ve Yukarı Araplar; kg; 1600m; Kum;;;;Rekor Derece :1.52.80
İkramiye;;;;;Yetiştirici Primi;;;;
1.)350.000 TL;2.)140.000 TL;3.)70.000 TL;4.)35.000 TL;5.)17.500 TL;1.)63.000 TL;2.)25.200 TL;3.)12.600 TL;4.)6.300 TL;5.)3.150 TL;
At No;At İsmi;Yaş;Orijin(Baba);Orijin(Anne);Kilo;Jokey Adı;Sahip Adı;Antrenör Adı;St;AGF;H;Derece;Ganyan;Fark
1;BIÇKIN KRAL KG K;5y k  a;SONALP;NEVGÜL;55 +0.20;İ.AKYAVUZ;MAHMUT CANLIKA;At Sahibi;8;%19.95(1)  %19.31(1);38;2:03.25;3,60;Boyun
2;TEKİR BEYİ KG DB SK;5y a  a;ÖZGÜNHAN;KEHRİBAR;54,5 +2.00;İ.KATAR;HÜSEYİN ÖZKAYAGAN;ES.YILDIRIM;1;%6.23(8)  %6.37(8);37;2:03.32;7,90;8,5 Boy
3;RÜZGARTEPESİ KG;6y k k;CANKARDEŞLER;HONOLULU;60,5;M.A.AKTÜRK;MUHAMMET HOCAOĞULLARI;Z.AKDEMİR;4;%16.48(2)  %15.78(2);49;2:05.17;5,60;4 Boy
4;KORHANTAY KG DB SK;5y k  a;ULUER;KAMERBANU;55,5 +2.00;H.ALTUNKILIÇ;ARKIN ARSLAN;MAHMUT DOĞAN;12 - DS;%1.63(10)  %1.71(9);39;2:06.24;28,85;Boyun
5;ÇALIŞTAY KG K DB GKR;5y k  a;TURBO;GÖCEK GÜLÜ;61,5;N.ALTIN;ABDULLAH BALKU;A.YARDIMCI;2;%9.32(5)  %10.45(5);51;2:06.32;5,50;
6;ŞAHKAYA KG DB SK;4y d  a;YÜREKKAYA;DESTENAZ;51 +2.00;Ç.CANPOLAT AP;AHMET BABACAN;F.YALÇINKAYA;9;%14.78(3)  %14.86(3);31;2:08.02;5,15;
7;NAZLI BERRA DB SKG SK;4y k k;ALTINCI HİS;DENİZSEFASI;54 +1.80;A.H.BAYAR;MUSTAFA YARDIMCI;A.YARDIMCI;3;%7.24(7)  %7.45(7);40;2:08.87;8,80;
8;QUATRO KG DB SK;6y a  a;ÖZGÜNHAN;PÜRNEŞE;60,5;A.ÇANKAYA AP;ERKUT ŞAHİN;B.FAHRİOĞLU;6;%11.27(4)  %11.09(4);53;2:12.31;5,00;
9;TUĞKANTAY DB SKG SK;5y a  a;AYABAKAN;IŞIL HANIM;63;Y.CENGİZ;FERAT ÖZKAN;MEHM.KAYA;10;%1.77(9)  %1.67(10);54;2:15.94;13,95;
10;ESMER HANIM DB SK;5y a k;KARA YAĞIZ;ŞEVALABLA;52 +2.00;İ.AKIN AP;BİLAL CAMUZ;MEHM.KAYA;11;%0.53(11)  %0.51(11);15;2:16.44;67,90;
11;İREM HATUN DB SK;4y a k;ORÇUN;GÜHERKIZ;55 +2.00;H.ALTUNDAĞ;MEHMET EMİN DEMİRKAPU;B.DEMİRKAPU;5;%8.21(6)  %8.02(6);42;2:26.68;10,65;
12;ZAFİRE SULTAN DB SKG SK (Koşmaz);5y k k;KIRBULUT;ZAFİREGÜLÜ;52;B.SARIDAL AP;ALİ BAKIR;F.BAKIR;7;%2.58(12)  %2.77(12);27;Koşmaz;;
GANYAN(8) :3,60 TL, İKİLİ(8/9) :26,70 TL, SIRALI İKİLİ(8/9) :52,75 TL, ÜÇLÜ BAHİS(8/9/4) :600,30 TL Çıkan 1 Atla: 53,40 TL, PLASE(8) :2,20 TL, PLASE(9) :2,80 TL, PLASE İKİLİ(4/8) :11,60 TL, PLASE İKİLİ(4/9) :17,50 TL, PLASE İKİLİ(8/9) :16,30 TL, SIRALI 5 Lİ BAHİS(8/9/4/7/3) :20.812,31 TL, 4. ÇİFTE(2/8) :29,75 TL

6. Kosu :   20.30;ŞARTLI 5; 3 Yaşlı İngilizler; 58.00kg; 2000m; Kum;;;;Rekor Derece :2.07.49
İkramiye;;;;;Yetiştirici Primi;;;;
1.)440.000 TL;2.)176.000 TL;3.)88.000 TL;4.)44.000 TL;5.)22.000 TL;1.)79.200 TL;2.)31.680 TL;3.)15.840 TL;4.)7.920 TL;5.)3.960 TL;
At No;At İsmi;Yaş;Orijin(Baba);Orijin(Anne);Kilo;Jokey Adı;Sahip Adı;Antrenör Adı;St;AGF;H;Derece;Ganyan;Fark
1;DANCE OF WIND DB SK;3y d  e;TIZWAY (USA);EMPOWERMENT (USA);61;İ.AKYAVUZ;OSMAN TANER;A.YARDIMCI;6 - DS;%67.21(1)  %66.47(1);67;2:19.31;1,15;3,5 Boy
2;VAN KALESİ KG DB SK;3y a  e;INDIAN DAYS (GB);SEA VALLEY;58;Y.CENGİZ;AHMET DİLMAÇ;Y.BAYSAL;2;%6.54(3)  %6.96(3);42;2:20.02;7,70;7,5 Boy
3;AŞAN GOLD DB SKG SK;3y d  d;GAZIBORA KHAN (GB);SPRING BREEZE;56 +0.40;F.YARDIMCI;BÜLENT YARDIMCI;A.YARDIMCI;4;%21.04(2)  %21.22(2);58;2:21.50;3,70;15 Boy
4;ÇEVİK HANI KG DB SK;3y d  e;HEMSWORTH (USA);TIA JUANA (IRE);56 +2.00;M.A.AKTÜRK;REFİK ÇEVİK;M.BULUÇ;5;%3.61(4)  %3.72(4);33;2:24.46;10,05;13 Boy
5;BOSKO KG DB;3y d  e;YAVUZKAYA;İKRAM KIZ;58;H.ALTUNDAĞ;FERAT ÖZKAN;ES.YILDIRIM;1;%0.97(5)  %1.1(5);36;2:27.09;14,75;
6;LITTLE CHIRAL SKG SK;3y d  e;FINESSE;OGEY;55 +0.70;A.H.BAYAR;HALİL YILMAZER;E.ALTIN;3;%0.63(6)  %0.52(6);32;2:31.52;22,00;
GANYAN(1) :1,15 TL, 1. 6'LI GANYAN(4/2/5,12/2/8,11/1) :1.620,80 TL, SIRALI İKİLİ(1/3) :5,45 TL, 5. ÇİFTE(8/1) :7,85 TL

7. Kosu :   21.00;ŞARTLI 4/DHÖW/Dişi/Y1; 4 ve Yukarı Araplar; 58.00kg; 60.00 kg; 1700m; Kum;;;;Rekor Derece :1.59.47
İkramiye;;;;;Yetiştirici Primi;;;;
1.)350.000 TL;2.)140.000 TL;3.)70.000 TL;4.)35.000 TL;5.)17.500 TL;1.)63.000 TL;2.)25.200 TL;3.)12.600 TL;4.)6.300 TL;5.)3.150 TL;
At No;At İsmi;Yaş;Orijin(Baba);Orijin(Anne);Kilo;Jokey Adı;Sahip Adı;Antrenör Adı;St;AGF;H;Derece;Ganyan;Fark
1;ASLINURAY KG SK;8y k k;HIZLITAY;NİSASU;56;H.YÖNDEN;MUHAMMED YILDIZ;B.FAHRİOĞLU;1;%6.14(6);67;2:10.26;4,30;Boyun
2;CİNDERELLA KG;9y a k;ARASLI;CONCORDIA;57;İ.AKIN;HASAN KOÇYİĞİT;E.ALTIN;2;%12.81(3);76;2:10.32;5,65;1,5  Boy
3;SABIR ÇİÇEĞİ KG K;7y a k;ÖZGÜNHAN;AYCANIM;60;L.TAPTIK;MEHMET TAŞDEMİR;MAHMUT DOĞAN;4;%37.63(1);83;2:10.60;2,00;16 Boy
4;KAÇAR ÜLFET DB SK;5y k k;SON MARTI;GÜLHAN ABLA;56;Ö.ORDU;ÖMER YARDIMCI;A.YARDIMCI;6;%7.29(5);68;2:14.30;7,45;15 Boy
5;GELİNİM SİNEM KG DB SK;4y a k;FİRİKYA;CAN ZEHRA;58;M.T.COŞKUN;MEHMET EMİN DEMİRKAPU;B.DEMİRKAPU;9;%15.24(2);50;2:17.89;3,60;
6;CEKU BALIM KG SK;5y a k;YILMABAŞAR;NİLİM;56;M.T.MURTOĞLU;SEDAT SUBAY;M.A.SUBAY;7;%10.49(4);71;2:22.39;5,85;
7;NEVALÇİÇEĞİ KG SK (Koşmaz);4y k k;TEK YÜREK;TURBOŞİMŞEK;58;C.YILDIRIM;EYYÜP SANCAR;M.A.SUBAY;8;%7.26(7);56;Koşmaz;;
8;GAYECAN SKG SK (Koşmaz);6y k k;TÜMÖZ BEY;BUDAPEŞTELİ;57;B.OKANDE;AHMET TEKİN;B.DEMİRKAPU;5;%0.36(9);70;Koşmaz;;
9;BİTİRİM SEDA SK (Koşmaz);7y a k;BİTİRİMKARINCA;SEDACIK;56;M.AKDAĞ;MAHMUT CANLIKA;İ.ATMACA;3;%2.78(8);62;Koşmaz;;
GANYAN(9) :4,30 TL, İKİLİ(2/9) :18,60 TL, SIRALI İKİLİ(9/2) :29,15 TL, ÜÇLÜ BAHİS(9/2/7) :178,70 TL Çıkan 1 Atla: 35,70 TL Çıkan 2 Atla: 8,60 TL, PLASE() :İade, 6. ÇİFTE(1/9) :18,65 TL

8. Kosu :   21.30;Maiden; 3 Yaşlı İngilizler; 58.00kg; 1700m; Kum;;;;Rekor Derece :1.47.45
İkramiye;;;;;Yetiştirici Primi;;;;
1.)395.000 TL;2.)158.000 TL;3.)79.000 TL;4.)39.500 TL;5.)19.750 TL;1.)94.800 TL;2.)37.920 TL;3.)18.960 TL;4.)9.480 TL;5.)4.740 TL;
At No;At İsmi;Yaş;Orijin(Baba);Orijin(Anne);Kilo;Jokey Adı;Sahip Adı;Antrenör Adı;St;AGF;H;Derece;Ganyan;Fark
1;VICTORY CODE DB SKG SK;3y a  e;BLUEGRASS CAT (USA);BELIEVE IN VICTORY (USA);58;İ.AKYAVUZ;OSMAN TANER;A.YARDIMCI;2;%23.92(1);18;2:00.33;2,75;8,5 Boy
2;KING GENARAL KG SK;3y d  e;GENERAL QUARTERS (USA);VICTORY BOOK;58;A.AKDEMİR;YAKUP ELĞAÇ;Z.AKDEMİR;9;%17.82(4);24;2:02.27;3,65;Yarım Boy
3;BRENDON DB SKG SK;3y d  g;BLUEGRASS CAT (USA);VICTORY FILE;59;A.ÇANKAYA AP;MAHMUT YARDIMCI;A.YARDIMCI;7;%21.61(2);25;2:02.38;4,45;2,5 Boy
4;LİON FLIGTLINE KG;3y d  e;BAWIKAL;AŞK OLSUN;60;H.ALTUNKILIÇ;KADRİ FELHAN;A.AKBABA;11;%0.73(10);19;2:02.94;42,55;1 Boy
5;KOPAL KG SK;3y d  e;MENDIP (USA);DENİZİN KIZI;58;N.ALTIN;SEYFİ ALTIN;E.ALTIN;5;%7.27(5);20;2:03.14;10,45;
6;ANGRY EAGLE SKG SK;3y a  d;TRAPPE SHOT (USA);PIETRA QUEX;56;A.H.BAYAR;HÜSEYİN YILDIZ;R.BARMAN;4;%2.26(7);18;2:06.64;17,00;
7;FIRTINA ONUR SK;3y d  e;BODYGUARD HERO (USA);VICTORY;54 +0.50;M.T.COŞKUN AP;MUSTAFA ÖZSARI;M.BULUÇ;8;%0.52(12);;2:08.52;53,70;
8;AKSİ TAY K;3y d  e;MER DE GLACE (JPN);CANTANTE;58;M.A.AKTÜRK;FARUK ÜNAL;F.YALÇINKAYA;3;%0.9(9);8;2:09.90;48,65;
9;DRAVEN MAN KG SK;3y a  e;SADLER'S JOY (USA);MELISSA JO (USA);58;İ.KATAR;NEDİM CAN;F.YALÇINKAYA;10;%2.65(6);;2:11.29;14,30;
10;FACE OF FREEDOM K DB;3y d  e;BLUEGRASS CAT (USA);PADME;58;M.DOĞAN;OĞUZHAN ÖZŞAHİN;M.BULUÇ;13 - DS;%0.97(8);7;2:12.55;29,30;
11;DENİZ LARA DB SK;3y d  d;VICTORY GALLOP (CAN);CONSTELLATION;56 +1.40;Y.CENGİZ;DENİSE ŞAHİN;E.ALTIN;1;%0.64(11);;2:14.07;46,10;
12;LORD SEYFO KG DB SK;3y d  e;TOUCH THE WOLF;ÇATLADIKAPI;58;F.YARDIMCI;MEHMET ÇİZİK;T.ÇİZİK;6;%20.64(3);;Derecesiz;3,50;
13;ŞÜKRÜ ABİ (Koşmaz);3y d  e;BODEMEISTER (USA);CARDINAL PRINCESS;55;M.P.DEMİR AP;D.DENİZ KANAR;E.ALTIN;12 - DS;%0.06(13);9;Koşmaz;;
GANYAN(11) :2,75 TL, 7'Lİ PLASE(2,6/5,8,12/2,11/8,9,11/1,3/2,9/7,10,11) :612,70 TL, 2. 6'LI GANYAN(5,12/2/8,11/1/9/10,11) :18.760,50 TL, 5'Lİ GANYAN(2/8,11/1/9/10,11) :4.903,95 TL, 4'LÜ GANYAN(8,11/1/9/10,11) :792,83 TL, 2. 3'LÜ GANYAN(1/9/10,11) :131,50 TL, İKİLİ(7/11) :9,25 TL, SIRALI İKİLİ(11/7) :19,75 TL, PLASE(11) :1,65 TL, PLASE(7) :1,65 TL, PLASE İKİLİ(1/11) :6,10 TL, PLASE İKİLİ(1/7) :7,70 TL, PLASE İKİLİ(7/11) :6,80 TL, SIRALI 5 Lİ BAHİS(11/7/1/2/8) :11.608,50 TL, TABELA BAHİS(11/7/1/2) :1.195,65 TL Çıkan 1 Atla: 20,17 TL, TABELA BAHİS SIRASIZ(11/7/1/2) :40,35 TL, 7. ÇİFTE(9/11) :41,55 TL, 7'Lİ GANYAN(2/5,12/2/8,11/1/9/10,11) :65.834,70 TL

