Şanlıurfa;(6. Yarış Günü);18/05/2026
1. Kosu :   17.45;Maiden/DHÖW/Dişi; 3 Yaşlı Araplar; 57.00kg; 1200m; Kum;;;;Rekor Derece :1.20.38
İkramiye;;;;;Yetiştirici Primi;;;;
1.)395.000 TL;2.)158.000 TL;3.)79.000 TL;4.)39.500 TL;5.)19.750 TL;1.)118.500 TL;2.)47.400 TL;3.)23.700 TL;4.)11.850 TL;5.)5.925 TL;
At No;At İsmi;Yaş;Orijin(Baba);Orijin(Anne);Kilo;Jokey Adı;Sahip Adı;Antrenör Adı;St;AGF;H;Derece;Ganyan;Fark
1;PİRNAZIN KIZI KG K;3y a  d;BALALAYKA;PİRNAZ;57;M.E.DOĞAN;ABDULKADİR TOPRAK;OS.DEMİR;6;%22.43(1);;1:24.33;3,60;11 Boy
2;KAZAN GİRİL KG SK;3y k  d;DEDE SEYDO;GÜMÜŞ KAZAN;57 +0.20;İ.KATI;HALEF KATI;A.YARDIMCI;5;%4.39(6);;1:26.52;17,85;8,5 Boy
3;ŞEN ABLAM KG DB SK;3y k  d;BALALAYKA;CAN BEYZA;57;N.ALTIN;TALAT ŞENBAHAR;MAHMUT DOĞAN;10;%2.32(8);;1:28.22;30,95;Yarım Boy
4;GÜZEL DEFNE SK;3y d  d;SONALP;AHUNİGAR;57;A.AKDEMİR;AZİZ KULAK;MAHMUT DOĞAN;2;%19.72(2);;1:28.35;5,65;1,5  Boy
5;EZDAR GÜLÜ KG K DB;3y a  d;SERHANTAY;EZDAR;53;H.YÖNDEN AP;ALİ YAŞARER;İ.ATMACA;12;%1.2(12);;1:28.57;59,80;
6;FERATUN KG K;3y a  d;TALİPHAN;ZÜLUMKAR;57;İ.AKYAVUZ;MEHMET DOĞAN;MAHMUT DOĞAN;7;%16.96(3);;1:28.59;3,20;
7;NEHİRAFRA KG DB SK;3y a  d;HABERKAN;SU İYESİ;57 +0.30;Y.ÇELİKBAŞ;AHMET ÇİÇEK;M.ÇİÇEK;11;%1.56(10);;1:29.71;28,25;
8;VARTUHİM KG K;3y a  d;DİZDAR BEY;GÜZELDİZDAR;55;A.ÇANKAYA AP;GÜNAYDIN SAÇAN;S.KARAKEÇİLİ;1;%3.33(7);;1:30.03;23,80;
9;İKİNCİ ŞANS KG K;3y a  d;TEK YÜREK;PAMUK ABLA;57;İ.KATAR;HÜSEYİN SARIDAL;A.ZENGİN;8;%2.31(9);;1:30.61;31,90;
10;SIRÇA KÖŞK KG DB SK;3y k  d;YILMABAŞAR;SURÇA;57;F.YARDIMCI;İBRAHİM HAKKI BOYRAZ;Z.AKDEMİR;4;%15.17(4);14;1:33.41;2,80;
11;TİLDA HANIM KG SK;3y a  d;GÜMBÜRGÜMBÜR;UÇAN ARAT;57 +0.10;Y.CENGİZ;BİŞAR ÇELİK;S.KARAKEÇİLİ;3;%9.05(5);;1:35.12;7,70;
12;TEK BEYZA KG SK;3y a  d;TEK YÜREK;BEYZACAN;57;N.DEMİR;MUSTAFA ÖZKAN;A.YARDIMCI;9;%1.56(11);;1:35.60;46,50;
GANYAN(7) :3,60 TL, İKİLİ(5/7) :27,85 TL, SIRALI İKİLİ(7/5) :40,65 TL

2. Kosu :   18.30;ŞARTLI 4/DHÖW/Y1; 4 ve Yukarı Araplar; 57.50kg; 60.00 kg; 2000m; Kum;;;;Rekor Derece :2.20.96
İkramiye;;;;;Yetiştirici Primi;;;;
1.)350.000 TL;2.)140.000 TL;3.)70.000 TL;4.)35.000 TL;5.)17.500 TL;1.)63.000 TL;2.)25.200 TL;3.)12.600 TL;4.)6.300 TL;5.)3.150 TL;
At No;At İsmi;Yaş;Orijin(Baba);Orijin(Anne);Kilo;Jokey Adı;Sahip Adı;Antrenör Adı;St;AGF;H;Derece;Ganyan;Fark
1;PALA SALİH;11y k  a;KIRIMHAN;ÖMÜRÜM;62;İ.AKIN;YAKUP KAYA;MEH.ASLAN;4;%2.22(5);71;2:27.34;11,80;4 Boy
2;GÖKKARA DB GKR;7y k  a;BERKAY EFE;MESOPOTAMİA;57 +1.00;L.TAPTIK;MESUT AKBAŞ;Ö.GÜNDÜZ;3;%9.52(3);74;2:28.14;6,30;3,5 Boy
3;DEBDEBE DB SKG SK;5y k  a;SON MARTI;ZAHİDE HATUN;56;Ö.ORDU;RESULCAN YARDIMCI;EKR.YARDIMCI;2;%14.94(2);78;2:28.87;3,15;40 Boy
4;PEKALP DB SK;8y d  a;TÜMÖZ BEY;DOĞUNUN YILDIZI;57;H.YÖNDEN;HASAN ARSLAN;İ.ATMACA;5 - DS;%67.92(1);99;2:36.89;1,20;11 Boy
5;BAŞPARMAK KG;9y d  a;KURTEL;KAFKAS KIZI;57;M.AKDAĞ;BEDİR ALTIN;E.ALTIN;1;%5.4(4);90;2:39.33;9,80;
GANYAN(1) :11,80 TL, SIRALI İKİLİ(1/3) :86,95 TL, 1. ÇİFTE(7/1) :123,35 TL

3. Kosu :   19.00;Maiden/DHÖW/Dişi; 3 Yaşlı Araplar; 57.00kg; 1200m; Kum;;;;Rekor Derece :1.20.38
İkramiye;;;;;Yetiştirici Primi;;;;
1.)395.000 TL;2.)158.000 TL;3.)79.000 TL;4.)39.500 TL;5.)19.750 TL;1.)118.500 TL;2.)47.400 TL;3.)23.700 TL;4.)11.850 TL;5.)5.925 TL;
At No;At İsmi;Yaş;Orijin(Baba);Orijin(Anne);Kilo;Jokey Adı;Sahip Adı;Antrenör Adı;St;AGF;H;Derece;Ganyan;Fark
1;ZENGHAT KG SK;3y a  d;BALALAYKA;KAFKASLIDEVRANI;57;İ.AKYAVUZ;SALİH KIZILKANAT;T.ÇİZİK;10;%21.99(1)  %25.01(1);;1:26.55;2,85;Burun
2;DİLEK ABLA KG SK;3y a  d;SERHANTAY;MAKAY;53;H.YÖNDEN AP;CEBRAİL AKTAŞ;EKR.YARDIMCI;12;%13.26(4)  %12.26(4);;1:26.56;7,60;1,5  Boy
3;HÜSNÜGÜLÜM K;3y k  d;TEK YÜREK;LEYLO;54 +1.30;B.SARIDAL AP;MUSTAFA SARIDAL;SİN.ALTUNDAĞ;2;%11.11(5)  %10.03(5);15;1:26.77;9,05;6 Boy
4;RENGİNKIZ KG K;3y k  d;HABERKAN;GÜNEŞLİ;57;A.H.BAYAR;MEHMET GÜNEŞ;RE.ARSLAN;6;%5.94(7)  %4.97(8);13;1:27.72;12,40;1,5  Boy
5;BİRİNCİSOY KG SK;3y k  d;KARAÜZÜM;AYİNCİSİ;57 +2.00;R.DOĞAN;MEHMET S. MELİK;S.KARAKEÇİLİ;9;%1.62(10)  %1.32(11);;1:28.03;25,05;
6;İLKBAHAR KIZI KG K DB;3y a  d;BUMBAİ;BERKTEK;57;A.AKDEMİR;MEHMET YILDIRIM;İ.ATMACA;11;%13.79(3)  %14.37(3);;1:28.50;4,60;
7;ELİFNAZ HANIM KG K DB;3y a  d;BALALAYKA;ASİKIZ;57;İ.KATAR;İZZETTİN SUNKAR;M.A.SUBAY;3;%4.5(8)  %5.39(6);;1:29.04;8,95;
8;KURUDUT KG DB SK;3y k  d;KAFKAS ŞAHI;YÜKSEK ATEŞ;57;N.ALTIN;HÜSEYİN YER;Ö.GÜNDÜZ;1;%6.14(6)  %5.25(7);;1:29.54;15,00;
9;SİVASLI HİRA KG K;3y k  d;KARACAKURT;SERPİLGEL;57 +0.20;Y.CENGİZ;DENİZ TÜRKMAN;Z.AKDEMİR;7;%1.39(11)  %1.4(10);;1:31.11;45,70;
10;ALMİNA KG SK;3y a  d;ÖZGÜNHAN;AYDANAZ;57;F.YARDIMCI;FERİDE TURAN;MEHM.KAYA;4;%16.37(2)  %16.64(2);;1:33.75;3,70;
11;CANOĞLU YILDIZI KG;3y a  d;BARBAROSBEY;DİŞİBUSEFAL;55 +2.00;A.ÇANKAYA AP;SEYİT AHMET KORKMAZ;MEH.ASLAN;5;%2.76(9)  %2.42(9);;1:34.90;15,85;
12;ŞİRİSTAN KG;3y a  d;ABUŞ;ASSOS;55 +2.00;M.ŞAKİR AP;LÜTFİ TURAN;H.TÜRKMAN;8;%1.13(12)  %0.94(12);;1:35.64;43,65;
GANYAN(12) :2,85 TL, İKİLİ(4/12) :12,80 TL, SIRALI İKİLİ(12/4) :26,25 TL, 2. ÇİFTE(1/12) :119,15 TL

4. Kosu :   19.30;ŞARTLI 4; 3 ve Yukarı İngilizler; 53.00kg; 60.00 kg; 60.50 kg; 1400m; Kum;;;;Rekor Derece :1.24.64
İkramiye;;;;;Yetiştirici Primi;;;;
1.)350.000 TL;2.)140.000 TL;3.)70.000 TL;4.)35.000 TL;5.)17.500 TL;1.)63.000 TL;2.)25.200 TL;3.)12.600 TL;4.)6.300 TL;5.)3.150 TL;
At No;At İsmi;Yaş;Orijin(Baba);Orijin(Anne);Kilo;Jokey Adı;Sahip Adı;Antrenör Adı;St;AGF;H;Derece;Ganyan;Fark
1;SMART CLEM SKG SK;4y d  a;PAPA CLEM (USA);LA LUNA DIVINA;56 +0.70;İ.KATAR;SEDAT SUBAY;M.A.SUBAY;2;%6.21(6)  %6.48(6);74;1:27.11;10,45;5 Boy
2;KING LIGHTNING DB SKG SK;4y d  a;TIZWAY (USA);RÜYA KIZIM;56 +0.90;F.YARDIMCI;EMRAH GENÇ;İ.ATMACA;8;%20.21(2)  %19.67(2);76;1:28.09;3,50;1 Boy
3;YİĞİT KHAN KG DB SK;5y a  a;KING OF TRAKYA;HİSARIM;56,5;N.DEMİR;MEHMET ALİ YARDIMCI;Z.AKDEMİR;5;%1.41(11)  %1.46(11);65;1:28.25;32,55;1,5  Boy
4;KANEKONUN TORUNU KG SK;5y a  a;TEMELHAN;NO MONEY NO HONEY;58,5;İ.AKYAVUZ;İBRAHİM CANLIKA;F.E.AKIL;10;%22.79(1)  %23.51(1);78;1:28.54;3,25;2,5 Boy
5;ORTAK GÜÇ DB SKG SK;5y d  a;TU BRUTUS (CHI);VELVET;60,5;Y.CENGİZ;AZİZ KARAKEÇİLİ;S.KARAKEÇİLİ;9;%6.59(3)  %6.82(3);70;1:28.93;6,35;
6;BOGOTA DB;9y a  g;KANEKO;ZAREEN (GER);60,5;A.ÇANKAYA AP;MUHAMMED ALİ ÇİZİK;T.ÇİZİK;4;%4.75(7)  %4.98(7);77;1:28.96;11,70;
7;ŞİMENDİFER SK;5y a  a;KIRDEMİRKIR;ROYAL KAŞGAR;60,5;S.KAPLAN;İRFAN KARAKEÇİ;Z.AKDEMİR;6;%7.91(5)  %7.56(5);75;1:29.31;11,80;
8;CAPTAIN MARSHALL KG DB SK;5y d  a;AIR VICE MARSHAL (USA);FIRST WALTZ (USA);58,5;A.H.BAYAR;AZİZ KARAKEÇİLİ;S.KARAKEÇİLİ;1;%5.94(3)  %5.76(3);78;1:29.69;6,35;
9;GOLD POWER SK;7y a  a;WIN RIVER WIN (USA);ŞAHMERAL;57 +2.00;M.ÜNLÜ;KADİR ZAHİ;M.ASLAN;15 - DS;%12.06(4)  %11.7(4);86;1:31.02;5,30;
10;KNIGHT OF THE ROAD KG DB SK;5y d  a;BLUEGRASS CAT (USA);CALL ME KIM (USA);56,5 +0.70;Y.ÇELİKBAŞ;BİŞAR DEMİRKAPU;B.DEMİRKAPU;3;%2.13(10)  %2.08(10);80;1:31.36;34,90;
11;NICE DB SK;6y d  g;VICTORY GALLOP (CAN);TONYA;56,5 +0.40;M.E.DOĞAN;MÜSLÜM BAKAY;F.BAKAY;7;%3.39(9)  %3.44(8);74;1:31.46;19,05;
12;LATİF AĞA KG K DB ÖG;5y a  a;TOCCET (USA);LATIFA ONE (USA);55 +0.20;B.SARIDAL AP;HALİL AKGÖBEK;RES.KAYA;12;%0.77(13)  %0.88(13);42;1:32.84;31,10;
13;BABA DERVİŞ KG DB SK;5y d  a;MENDIP (USA);LAMBOURN;52,5 +0.40;H.YÖNDEN AP;KADRİ FELHAN;A.AKBABA;11;%0.58(15)  %0.49(15);56;1:33.17;61,90;
14;İSMETİM KG K;5y a  a;AGRESIVO (USA);WIND OF HAEVEN;57,5;N.ALTIN;BERAT KARAKEÇİLİ;S.KARAKEÇİLİ;14 - DS;%3.47(8)  %3.41(9);59;1:33.19;13,95;
15;ASABİ K DB SKG;7y d  a;SCARFACE;RIGOROUS (USA);59,5;M.ŞAKİR AP;İBRAHİM HALİL TURAN;T.ÇİZİK;13;%1.21(12)  %1.16(12);56;1:34.50;32,35;
16;WAR HERO K DB;4y a  a;GRAYSTORM;GO WIID;52;M.AKDAĞ AP;AHMET GÜZELOCAK;T.ÇİZİK;16 - DS;%0.6(14)  %0.59(14);48;1:38.24;39,75;
[(3)ORTAK GÜÇ,(5)CAPTAIN MARSHALL,] eküridir.GANYAN(12) :10,45 TL, 1. 3'LÜ GANYAN(1/12/12) :1.923,70 TL, İKİLİ(11/12) :26,25 TL, SIRALI İKİLİ(12/11) :77,80 TL, PLASE(11) :2,10 TL, PLASE(12) :8,05 TL, PLASE İKİLİ(10/11) :41,60 TL, PLASE İKİLİ(10/12) :73,70 TL, PLASE İKİLİ(11/12) :22,70 TL, SIRALI 5 Lİ BAHİS(12/11/10/6/3) :165.620,50 TL, TABELA BAHİS(12/11/10/6) :8.032,42 TL, TABELA BAHİS SIRASIZ(12/11/10/6) :106,05 TL, 3. ÇİFTE(12/12) :65,20 TL

5. Kosu :   20.00;Handikap 16/DHÖW /H3; 4 ve Yukarı Araplar; kg; 1700m; Kum;;;;Rekor Derece :1.56.86
İkramiye;;;;;Yetiştirici Primi;;;;
1.)440.000 TL;2.)176.000 TL;3.)88.000 TL;4.)44.000 TL;5.)22.000 TL;1.)79.200 TL;2.)31.680 TL;3.)15.840 TL;4.)7.920 TL;5.)3.960 TL;
At No;At İsmi;Yaş;Orijin(Baba);Orijin(Anne);Kilo;Jokey Adı;Sahip Adı;Antrenör Adı;St;AGF;H;Derece;Ganyan;Fark
1;KARYAĞDIRAN DB SKG SK;5y a  a;EMBİR HAN;DEMİR ASİYE;52 +2.00;İ.AKIN AP;MEHMET EMİN ÇİZİK;T.ÇİZİK;13;%2.79(9)  %2.72(9);40;2:02.26;30,40;1,5  Boy
2;OĞUZBEYİ DB SKG SK;4y a  a;ANKA;BETÜL;59;İ.AKYAVUZ;MESUT AKBAŞ;Ö.GÜNDÜZ;8;%23.61(2)  %24.32(2);59;2:02.49;3,00;4 Boy
3;BÖRÜTAY DB SK;4y a  a;UÇANOĞLU;ÇAYELİ;61;A.AKDEMİR;MUZBAH YARDIMCI;A.YARDIMCI;6;%24.89(1)  %24.64(1);63;2:03.21;2,90;6 Boy
4;RÜZGAR DELEN DB;5y a  a;SERHANTAY;KINALIGELİN;55 +2.00;M.ŞAKİR AP;VEYSİ KABAL;EKR.YARDIMCI;15;%2.16(10)  %1.99(10);51;2:04.22;28,90;1 Boy
5;GÜVENABİ KG SK;6y k  a;SULTAN DE FAUST (FR);YARDIMCIKIZI;57,5 +0.40;Y.CENGİZ;MEHMET BECENE;MAHMUT DOĞAN;11;%5.24(6)  %5.87(6);52;2:04.36;7,30;
6;KOŞAR ZEYNEL KG DB SK;7y k  a;SON MARTI;YARDIMCI GÜLÜ;59,5 +0.10;A.ÇANKAYA AP;ÖMER YARDIMCI;A.YARDIMCI;2;%3.51(3)  %3.4(3);60;2:04.85;5,55;
7;EYBERK SKG SK;4y a  a;DİLİRAN;KIZIM ZEYNEP;50 +2.00;M.AKDAĞ AP;YÜKSEL CELİM;M.A.SUBAY;10;%0.78(14)  %0.64(14);37;2:05.09;94,60;
8;ÇILGIN HEME DB SKG SK;4y k  a;SON MARTI;YARDIMCI GÜLÜ;57,5;F.YARDIMCI;ÖMER YARDIMCI;EKR.YARDIMCI;7;%9.23(3)  %8.58(3);56;2:05.58;5,55;
9;KRALDOĞAN KG SK;6y a  a;JOKER;OFİON;57,5;S.KAPLAN;MEHMET DOĞAN;T.ÇİZİK;9;%1.03(11)  %1.27(11);52;2:06.15;36,15;
10;PINAR RÜZGARI KG SK;5y k  a;SERHANTAY;KÜÇÜKKIYAMET;58;Y.ÇELİKBAŞ;EMRAH CANPOLAT;M.A.SUBAY;14;%3.66(8)  %3.79(8);53;2:07.92;16,50;
11;YETİM AMCA KG DB SK;4y k  a;FATİH AĞA;TUMBUL ZEMZEM;61,5;M.E.DOĞAN;HALİL ASLAN;MEH.ASLAN;5;%10.41(4)  %10.23(4);64;2:08.97;7,85;
12;KIVIRCIK MEMET KG SK;6y k  a;TAMERİNOĞLU;KALPKIRAN;52 +0.30;H.YÖNDEN AP;ADEM AKTAŞ;EKR.YARDIMCI;16 - DS;%0.73(15)  %0.56(15);39;2:10.83;29,85;
13;MİR KARTALI;7y k  a;SAKARBAŞI;MİANUR;62,5;İ.KATAR;ALİ SUSEN;İ.ATMACA;4;%1(12)  %1.04(12);62;2:15.05;29,95;
14;ŞAHTAYIM DB SKG SK;5y a  a;ESKİŞEHİRLİ;MUCAN;58 +1.30;R.DOĞAN;AZİZ BECENE;K.TAŞDEMİR;12;%0.85(13)  %0.8(13);53;2:15.13;41,00;
15;GÜMBÜRBERK KG SK;4y k k;GÜMBÜRGÜMBÜR;TEKTAHA;58;B.SARIDAL AP;ERCAN POLAT;E.AÇMAZ;1;%6.05(5)  %6.12(5);61;2:20.35;15,25;
16;MİRİALEM DB SKG SK;7y d  a;SARRAF;DAĞÇİÇEĞİ;63;N.ALTIN;HAYDAR YARDIMCI;A.YARDIMCI;3;%4.04(7)  %4.03(7);63;2:22.97;22,10;
[(6)KOŞAR ZEYNEL,(8)ÇILGIN HEME,] eküridir.GANYAN(14) :30,40 TL, İKİLİ(7/14) :56,60 TL, SIRALI İKİLİ(14/7) :204,45 TL, PLASE(14) :7,55 TL, PLASE(7) :1,40 TL, PLASE İKİLİ(2/14) :13,10 TL, PLASE İKİLİ(2/7) :6,10 TL, PLASE İKİLİ(7/14) :20,40 TL, SIRALI 5 Lİ BAHİS(14/7/2/13/11) :159.906,62 TL, TABELA BAHİS(14/7/2/13) :19.849,20 TL, TABELA BAHİS SIRASIZ(14/7/2/13) :168,67 TL, 4. ÇİFTE(12/14) :393,95 TL

6. Kosu :   20.30;ŞARTLI 3/DHÖW; 3 Yaşlı Araplar; 57.00kg; 1200m; Kum;;;;Rekor Derece :1.20.38
İkramiye;;;;;Yetiştirici Primi;;;;
1.)280.000 TL;2.)112.000 TL;3.)56.000 TL;4.)28.000 TL;5.)14.000 TL;1.)84.000 TL;2.)33.600 TL;3.)16.800 TL;4.)8.400 TL;5.)4.200 TL;
At No;At İsmi;Yaş;Orijin(Baba);Orijin(Anne);Kilo;Jokey Adı;Sahip Adı;Antrenör Adı;St;AGF;H;Derece;Ganyan;Fark
1;FİRİYOZA KG K;3y a  d;AFRİKAANDER;IRMAK GÜLÜ;55 +1.10;A.AKDEMİR;HÜSEYİN KARLIGÜZEL;M.A.SUBAY;7;%6.03(6)  %5.39(6);35;1:25.17;9,90;Burun
2;STARŞAH KG K;3y k  e;BİLDENHAN;CEĞİTLİ;57;F.YARDIMCI;MEHMET SALİH ELĞAÇ;T.ÇİZİK;6;%31.72(1)  %30.01(1);33;1:25.19;2,50;2,5 Boy
3;ANEMOS KG K;3y a  e;TALİPHAN;HÜRREM SULTAN;57;Y.CENGİZ;MEHMET TAHİR AKIL;F.E.AKIL;8;%6.55(5)  %7.03(5);34;1:25.58;12,60;8 Boy
4;PAPETTİ KG K;3y a  e;THOR;ZELİHA HATUN;56 +1.00;A.ÇANKAYA AP;KÜRŞAT ORUÇ;M.ASLAN;2;%23.86(2)  %24.76(2);34;1:27.15;2,20;3 Boy
5;ÖZBEK PRENSESİ KG K DB;3y a  d;CANYOLDAŞ;ORGÜL TAY;57;İ.AKYAVUZ;İBRAHİM HAKKI BOYRAZ;H.TÜRKMAN;4;%11.17(4)  %10.85(4);33;1:27.70;8,05;
6;ÇELİK ŞAHİN KG K;3y k  e;DÖVER;YALAZAY;57;A.H.BAYAR;MEHMET ÇELİK;M.A.SUBAY;1;%18.07(3)  %19.65(3);35;1:31.17;4,00;
7;ORHAMAN KG K;3y k  e;UÇANOĞLU;TEKTAHA;55 +0.60;N.ALTIN;ERCAN POLAT;E.AÇMAZ;3;%1.41(7)  %1.27(7);;1:31.70;18,80;
8;FIRATHAN AĞASI KG DB SK;3y a  e;AFRİKAANDER;KÖSTEBEK;55 +2.00;M.ŞAKİR AP;MUSTAFA TUMBUL;MEHM.KAYA;5;%1.19(8)  %1.05(8);11;1:39.55;33,65;
GANYAN(6) :9,90 TL, 1. 6'LI GANYAN(7/1/12/12/14/6) :6.335.803,10 TL, İKİLİ(5/6) :17,55 TL, SIRALI İKİLİ(6/5) :44,60 TL, ÜÇLÜ BAHİS(6/5/2) :439,70 TL, PLASE(5) :2,85 TL, PLASE(6) :3,15 TL, 5. ÇİFTE(14/6) :316,10 TL

7. Kosu :   21.00;Maiden/DHÖW/Dişi; 3 Yaşlı Araplar; 57.00kg; 1200m; Kum;;;;Rekor Derece :1.20.38
İkramiye;;;;;Yetiştirici Primi;;;;
1.)395.000 TL;2.)158.000 TL;3.)79.000 TL;4.)39.500 TL;5.)19.750 TL;1.)118.500 TL;2.)47.400 TL;3.)23.700 TL;4.)11.850 TL;5.)5.925 TL;
At No;At İsmi;Yaş;Orijin(Baba);Orijin(Anne);Kilo;Jokey Adı;Sahip Adı;Antrenör Adı;St;AGF;H;Derece;Ganyan;Fark
1;EYLÜL GÜZELİ KG SK;3y a  d;BALALAYKA;TUMBUL ZEMZEM;57;M.E.DOĞAN;BİLAL TUMBUL;Y.BAYSAL;3;%1.4(8);9;1:25.86;26,95;4,5 Boy
2;ROZERİNA KG SK;3y d  d;SERHANTAY;KÜÇÜKCEMRE;57;İ.AKYAVUZ;MEHMET GÜMÜŞKOLAN;M.GÜMÜŞKOLAN;8;%7.81(3);;1:26.72;7,25;5,5 Boy
3;ESENLİ RÜZGARI KG K;3y a  d;AFRİKAANDER;ESENLİ GÜZELİ;57;A.AKDEMİR;ALİ AKDEMİR;Z.AKDEMİR;2;%21.08(2);;1:27.74;2,35;2,5 Boy
4;MÜTEVAZİ KIZ KG DB SK;3y k  d;TURBO;GÜZEL MELEK;57;N.ALTIN;VEHBİ ATEŞ;At Sahibi;7;%4.4(4);;1:28.19;12,50;2,5 Boy
5;BESRİCAN KIZI KG DB SK;3y a  d;AFRİKAANDER;İMPARATORİÇE;57;F.YARDIMCI;BUBO CANPOLAT;E.ALTIN;6;%55.97(1);;1:28.70;1,75;
6;YAĞMUR ECE SKG SK;3y k  d;FATİH AĞA;ÇILGINMATRA;57 +0.70;H.SARIDAL;M.EMİN ALTUNDAĞ;E.AÇMAZ;9;%1.74(6);;1:30.02;26,95;
7;KIZIM ERVA KG;3y a  d;ARASLI;ELASAY;55 +2.00;M.ŞAKİR AP;İRFAN TÜRKMAN;H.TÜRKMAN;10;%3.34(5);;1:30.96;11,70;
8;CAN HİLALİM KG DB SK;3y k  d;SON MARTI;NAZLIYEL;53;H.YÖNDEN AP;MUSTAFA ÜSLEN;Ö.GÜNDÜZ;1;%1.49(7);;1:31.72;29,65;
9;ÇATALCALI KG DB SK;3y k  d;AZMİ REİS;CİHANLAÇİNYA;57 +0.20;Y.ÇELİKBAŞ;FUAT ŞİMŞEK;İ.ATMACA;4;%1.08(9);;1:33.79;55,25;
10;ÇAYKARA KIZI DB;3y k  d;SAKARBAŞI;TARÇINIM;57 +2.00;R.DOĞAN;MESUT AKBAŞ;Ö.GÜNDÜZ;5;%0.64(11);;1:35.23;31,30;
11;KIR PENÇE KG SK;3y k  d;SAKARBAŞI;HAFSA;55 +2.00;A.ÇANKAYA AP;CEVHER GÜMÜŞKOLAN;Y.BAYSAL;11;%1.05(10);;1:36.59;31,10;
GANYAN(6) :26,95 TL, İKİLİ(6/10) :89,40 TL, SIRALI İKİLİ(6/10) :277,05 TL, ÜÇLÜ BAHİS(6/10/5) :2.644,90 TL, PLASE(10) :2,95 TL, PLASE(6) :5,75 TL, PLASE İKİLİ(5/10) :11,20 TL, PLASE İKİLİ(5/6) :43,50 TL, PLASE İKİLİ(6/10) :37,80 TL, 6. ÇİFTE(6/6) :327,80 TL

8. Kosu :   21.30;Handikap 14 /H3; 3 Yaşlı İngilizler; kg; 1300m; Kum;;;;Rekor Derece :1.19.29
İkramiye;;;;;Yetiştirici Primi;;;;
1.)280.000 TL;2.)112.000 TL;3.)56.000 TL;4.)28.000 TL;5.)14.000 TL;1.)50.400 TL;2.)20.160 TL;3.)10.080 TL;4.)5.040 TL;5.)2.520 TL;
At No;At İsmi;Yaş;Orijin(Baba);Orijin(Anne);Kilo;Jokey Adı;Sahip Adı;Antrenör Adı;St;AGF;H;Derece;Ganyan;Fark
1;SIRRIN BEYİ SKG SK;3y a  e;VICTOIRE PISA (JPN);FONTKIZI;55 +1.70;A.H.BAYAR;HALİL BUDAK;Z.AKDEMİR;6;%2.83(10);31;1:23.91;13,45;Yarım Boy
2;KING YAKUP KG DB SK;3y a  e;EUPRHATES (USA);SADE ZARAFET;59,5;N.ALTIN;YAKUP KAYA;MEH.ASLAN;18;%24.8(1);40;1:23.99;2,40;Boyun
3;PİTON KIZ DB SKG SK;3y d  d;MER DE GLACE (JPN);PRAESEPE (GB);57 +0.40;S.KAPLAN;ERDAL YAVUZEL;T.ÇİZİK;15;%6.64(6);35;1:24.03;11,35;4 Boy
4;SERT RÜZGAR SKG SK;3y d  e;FINESSE;BAY BLESSING;55 +0.50;N.DEMİR;İSMAİL ŞEŞEN;MEHM.KAYA;12;%11.95(2);31;1:24.83;6,85;Baş
5;ÜNLÜSİMA KG DB SK;3y a  e;ÜNLÜOĞLU;LION MASTER;54 +2.00;A.AKDEMİR;MUSTAFA ÜNLÜ;Z.AKDEMİR;7;%2.93(9);29;1:24.85;22,80;
6;DREAMFYRE KG K DB;3y d  d;AUTHORIZED (IRE);SARIÇİÇEĞİM;54,5;Ö.ORDU AP;BEDİHA GÖKKAN;Y.BAYSAL;1;%1.11(15);30;1:25.04;31,75;
7;MEGOHİME SK;3y d  d;BODEMEISTER (USA);PUDDING;58 +1.60;R.DOĞAN;MUHAMMET FELHAN;A.AKBABA;5;%2.38(11);37;1:25.14;26,10;
8;BACK TO SILENCE KG K DB;3y d  e;INVINCIBLE SON (IRE);ALWAYS A WARRIOR;55 +2.00;M.E.DOĞAN;MEHMET AKTAŞ;EKR.YARDIMCI;13;%7.47(5);31;1:25.22;10,40;
9;TALADRRO SK;3y d  e;TILSIT (USA);VAZIRAH;61;İ.AKYAVUZ;OKAN MALGİL;At Sahibi;9;%10.59(4);43;1:26.38;5,25;
10;KIZIM RABİA KG DB SK;3y a  d;EUPRHATES (USA);DEARLING BERYL;58;M.ŞAKİR AP;ŞAHİN DURMAZ;H.TÜRKMAN;10;%6.1(7);41;1:26.81;18,25;
11;FANTASTIC FLAME DB SKG SK;3y d  d;TRAPPE SHOT (USA);GRANDEZZA;52,5 +2.00;İ.AKIN AP;SEYİT AHMET KORKMAZ;SİN.ALTUNDAĞ;8;%0.48(17);26;1:26.83;59,20;
12;UMAR BEY KG K;3y d  e;AGRESIVO (USA);LITTLE EAGLE;52 +0.30;H.YÖNDEN AP;MEHMET AKTAŞ;EKR.YARDIMCI;14;%0.52(5);23;1:28.23;10,40;
13;NOVA SUN KG K;3y d  d;GÜNGÖR BABA;SABUR;57,5 +2.00;M.ÜNLÜ;MÜSLÜM KAYAN;K.TAŞDEMİR;17;%1.48(13);36;1:28.50;33,40;
14;GARNCHO KG SK;3y a  e;PERFECTO;ROYAL KAŞGAR;55 +2.00;A.ÇANKAYA AP;ALİ ÇELİK;S.KARAKEÇİLİ;11;%5.41(8);31;1:29.17;14,70;
15;CAPTAIN AT SEA SKG SK;3y d  e;CAPTAIN RIO (GB);MAGDALENA;54,5 +2.00;Y.CENGİZ;İMAM KATI;A.YARDIMCI;4;%2(12);30;1:29.30;20,90;
16;KIZIM ZEHRA KG SK;3y a  d;TU BRUTUS (CHI);LADY NINJA;56,5 +0.10;İ.KATAR;İBRAHİM HALİL ALTINTEN;S.KARAKEÇİLİ;2;%0.96(16);34;1:32.28;37,05;
17;BAKTAGÖR DB SK;3y d  e;SUPER SAVER (USA);FUSS CAT;55,5 +1.70;Y.ÇELİKBAŞ;İSMAİL HADİOĞLU;H.TÜRKMAN;16;%10.92(3);32;1:36.35;10,85;
18;PAŞA SEYDO KG DB SK;3y d  e;PAPA CLEM (USA);MALEFİZ;54 +1.00;B.SARIDAL AP;SAVAŞ ERCÜMENT BECENE;MEHM.KAYA;3;%1.47(14);29;1:38.24;41,10;
[(13)BACK TO SILENCE,(18)UMAR BEY,] eküridir.GANYAN(11) :13,45 TL, 7'Lİ PLASE(1,3/4,12/11,12/7,14/5,6/6,10/3,11) :27.507,90 TL, 2. 6'LI GANYAN(12/12/14/6/6/11) :Bilen çıkmamıştır, 14,921,281.10 TL devretmiştir., 5'Lİ GANYAN(12/14/6/6/11) :Bilen çıkmamıştır, 6,086,043.98 TL devretmiştir., 4'LÜ GANYAN(14/6/6/11) :1.063.658,40 TL, 2. 3'LÜ GANYAN(6/6/11) :13.860,70 TL, İKİLİ(3/11) :46,20 TL, SIRALI İKİLİ(11/3) :116,25 TL, PLASE(11) :11,85 TL, PLASE(3) :2,00 TL, PLASE İKİLİ(3/11) :20,30 TL, PLASE İKİLİ(3/6) :21,80 TL, PLASE İKİLİ(6/11) :67,60 TL, SIRALI 5 Lİ BAHİS(11/3/6/10/16) :154.476,68 TL, TABELA BAHİS(11/3/6/10) :11.921,40 TL, TABELA BAHİS SIRASIZ(11/3/6/10) :158,25 TL, 7. ÇİFTE(6/11) :956,60 TL, 7'Lİ GANYAN(1/12/12/14/6/6/11) :Bilen çıkmamıştır, 483,744.80 TL devretmiştir.

