Bursa;(4. Yarış Günü);24/04/2026
1. Kosu :   13.30;ŞARTLI 4/DHÖ/Dişi; 4 Yaşlı Araplar; 58.00kg; 1300m; Kum;;;;Rekor Derece :1.26.81
İkramiye;;;;;Yetiştirici Primi;;;;
1.)490.000 TL;2.)196.000 TL;3.)98.000 TL;4.)49.000 TL;5.)24.500 TL;1.)88.200 TL;2.)35.280 TL;3.)17.640 TL;4.)8.820 TL;5.)4.410 TL;
At No;At İsmi;Yaş;Orijin(Baba);Orijin(Anne);Kilo;Jokey Adı;Sahip Adı;Antrenör Adı;St;AGF;H;Derece;Ganyan;Fark
1;KOPUK UÇURTMA KG DB SK;4y k k;OĞLUM EGE;KONUKSEVER;54;N.AVCİ;ÖNDER BAHAR;Y.TAŞKIN;1;%7.52(4);54;1:29.44;12,40;Yarım Boy
2;BOLKADER KG K DB;4y k k;KADERŞAH;BOLKARKIZI;60;MAH.TURAN;HÜSEYİN YER;S.YARDIMCI;2;%23.78(2);71;1:29.52;3,15;3 Boy
3;MADRABAZ YELİ KG DB SK;4y k k;MADRABAZ;DAĞ YELİ;54 +2.00;B.M.MIRIK;FATMA NİLGÜN KUTLU;K.ŞENGEL;5;%3.1(7);35;1:30.06;22,55;Yarım Boy
4;GÜMÜŞBİKE KG SK;4y d k;ÖZGÜNHAN;CABİRE;53 +0.60;Ö.F.ÖZEN AP;ÖZGÜR ALPASLAN SÜMER;HÜS.KARABULUT;4;%5.03(5);37;1:30.18;12,90;1,5  Boy
5;PRENSES MEHLİKA;4y k k;BOZYİĞİT;GÜLBALIM;58;O.ATMACA;YÜKSEL CELİM;K.ŞENGEL;9;%13.57(3);62;1:30.43;6,25;
6;MAHÇİÇEK DB SK;4y a k;ODİNHAN;PAZIRIK;56 +2.00;N.ŞEN;İDRİS KOÇ;R.A.TEKELİ;12;%1.43(8);25;1:30.46;19,95;
7;DEMRENİN KIZI KG K;4y k k;TAMERİNOĞLU;DEMRE;55 +1.50;O.YILDIZ;ABDULLAH KILINÇ;Y.AKBULUT;3;%38.57(1);67;1:30.78;1,70;
8;SÜTLİMAN KG SK;4y a k;SONALP;OLGUNSU;50 +1.50;Y.T.AKKAYA AP;ALİ PASO;M.A.KAYA;11;%0.23(12);34;1:31.14;81,30;
9;GÖNÜLPINARI KG K DB;4y k k;DEMİRTURBO;ELDANS;58;E.BOZDAĞ;SAMİ TAŞKIN;Y.TAŞKIN;10;%0.67(11);40;1:31.56;41,35;
10;ÇİLEK HÜMA DB SK;4y a k;AYABAKAN;UZUN TUĞBA;54 +0.20;C.ALTUN;YUSUF KAYA;M.A.KAYA;7;%4.31(6);46;1:31.85;10,20;
11;KİRAZLI KG DB SK;4y k k;ODİNHAN;RAZİYE;55 +0.90;A.İNCİ;RAMAZAN ÇELİK;Y.TUNCAY;6;%0.89(10);39;1:32.06;55,65;
12;ŞAFAKAY KG DB SK;4y a k;AYABAKAN;ŞAFAK ABLA;56 +1.00;T.ALICI;BÜLENT BAYBURAN;İ.KIZILDAĞ;8;%0.91(9);37;1:34.23;39,50;
GANYAN(9) :12,40 TL, İKİLİ(1/9) :19,25 TL, SIRALI İKİLİ(9/1) :48,40 TL

2. Kosu :   14.00;Maiden; 3 Yaşlı İngilizler; 58.00kg; 1300m; Çim;;;;Rekor Derece :1.15.06
İkramiye;;;;;Yetiştirici Primi;;;;
1.)545.000 TL;2.)218.000 TL;3.)109.000 TL;4.)54.500 TL;5.)27.250 TL;1.)130.800 TL;2.)52.320 TL;3.)26.160 TL;4.)13.080 TL;5.)6.540 TL;
At No;At İsmi;Yaş;Orijin(Baba);Orijin(Anne);Kilo;Jokey Adı;Sahip Adı;Antrenör Adı;St;AGF;H;Derece;Ganyan;Fark
1;BEAUSOLEIL DB SK;3y d  d;KLIMT (USA);RED REGENT;58;A.İNCİ;MEHMET ERDİNÇ CANLI;M.BATMAN;1;%19.68(2);34;1:20.45;2,15;3 Boy
2;EUROFIGHTER KG DB SK;3y d  e;HAKEEM (USA);HAYAL;55 +0.50;A.MEH.ALTIN AP;SONGÜL ŞİMŞEK;N.KAYA;7;%9.39(5);17;1:20.97;8,35;Baş
3;BALABAN SÜMBÜLÜ KG SK;3y d  d;SUMMER ABEND (USA);ZAMORANO (FR);56;Y.E.YÜKSEL AP;SELİN İZEM DİKENCİK;M.ÖZGÜL;8;%3.65(7);22;1:21.00;20,00;3 Boy
4;PROND OF YOU SKG SK;3y d  e;VICTORY RHYTHM;BRIGHT QUEEN;54 +0.10;B.BÜLBÜL AP;YELİZ BAL;Y.AKBULUT;16;%1.7(12);18;1:21.47;31,70;1 Boy
5;KALORİMATİK KG DB SK;3y d  e;ANGEL OF DEATH;FAST ANGEL;60;MAH.TURAN;SEDAT ŞAHİN;F.GARZAN;15;%22.77(1);33;1:21.60;3,00;
6;LEONETTA KG K DB;3y d  d;FLY BY ME;HIGH FLYING;56 +0.40;O.EREN;ARİFE DAĞLAR KAYA;A.MANTAŞ;12;%2.83(8);10;1:21.72;24,55;
7;LAKE EAGLE SK;3y d  e;COOGER;EOLA;60;C.PASO;RECAİ NARTER;M.TÜRKOĞLU;9;%9.57(4);32;1:23.24;11,55;
8;VICTORY OR DEATH KG DB SK;3y d  e;BODEMEISTER (USA);CALLIAPE;58;N.AVCİ;SALİH YILDIZER;S.YARDIMCI;4;%14.54(3);;1:23.38;7,70;
9;QUEEN OF THE SUN K;3y d  d;FINAL COUNTDOWN;QUEEN IRMAK;56 +0.80;T.ALICI;RECEP CANGIR;F.SEZER;2;%1.2(13);15;1:24.21;45,65;
10;COOL ISLAND KG K;3y d  d;KULOĞLU;ADABÜKÜ;56;C.ALTUN;MURAT KAVAK;F.TOSUN;13;%2.56(11);26;1:24.27;20,60;
11;ACHANAY SK;3y a  d;COPPERFIELD;INTARSIA (GER);56 +2.00;N.ŞEN;BAYRAM ALİ SEZENİŞ;U.YOĞURTCU;11;%3.94(6);15;1:24.55;15,45;
12;BATTLE STAR KG K DB;3y d  d;BATTLEGROUND (USA);WISHING STAR;52 +0.10;Y.T.AKKAYA AP;KADİR EREKE;R.COŞKUN;6;%0.44(15);;1:24.57;73,65;
13;DOZER ALİ KG K;3y d  e;ANGEL HORSE;SHANE GOLD;58;T.YILDIZ;DİLEK BURAN;R.COŞKUN;10;%2.81(9);;1:24.85;29,35;
14;LABELLA CASADORA KG K DB;3y d  d;VICTOIRE PISA (JPN);GOSSIP GIRL;53 +0.80;Ö.F.ÖZEN AP;SADIK ORUÇ;T.SAYILKAN;3;%2.66(10);;1:25.32;30,10;
15;MIRACLE DREAM K DB;3y d  d;TIZWAY (USA);DEFLECT;56 +1.50;S.ÇETİN;İLKE BETİR AKBAŞ;K.ŞENGEL;14;%0.79(14);;1:26.37;53,75;
16;GHOST OF NIGHT KG SK GKR (Koşmaz);3y k  e;GAZIBORA KHAN (GB);TORTILLA;61;G.ÖZÇELİK;SERVET KAZANKAYA;T.YILMAZ;5;%1.47(16);36;Koşmaz;;
GANYAN(8) :2,15 TL, İKİLİ(5/8) :16,60 TL, SIRALI İKİLİ(8/5) :26,85 TL, PLASE(5) :3,05 TL, PLASE(8) :1,55 TL, PLASE İKİLİ(5/10) :58,90 TL, PLASE İKİLİ(5/8) :16,10 TL, PLASE İKİLİ(8/10) :19,90 TL, SIRALI 5 Lİ BAHİS(8/5/10/6/2) :36.683,50 TL, TABELA BAHİS(8/5/10/6) :8.077,50 TL, TABELA BAHİS SIRASIZ(8/5/10/6) :368,70 TL, 1. ÇİFTE(9/8) :64,00 TL

3. Kosu :   14.30;Handikap 15 /H2; 3 ve Yukarı İngilizler; kg; 2000m; Kum;;;;Rekor Derece :2.06.06
İkramiye;;;;;Yetiştirici Primi;;;;
1.)490.000 TL;2.)196.000 TL;3.)98.000 TL;4.)49.000 TL;5.)24.500 TL;1.)88.200 TL;2.)35.280 TL;3.)17.640 TL;4.)8.820 TL;5.)4.410 TL;
At No;At İsmi;Yaş;Orijin(Baba);Orijin(Anne);Kilo;Jokey Adı;Sahip Adı;Antrenör Adı;St;AGF;H;Derece;Ganyan;Fark
1;RICO PASHA KG SK;4y a  a;SPEEDY WOLF;WATCH ME;50 +2.00;O.ATMACA;SEMİH YARDIMCI;S.BAYDAN;2;%6.91(3);36;2:08.98;15,95;3 Boy
2;MIRACLE RHYTHM DB SKG SK;3y a  e;AMERİKALI;RİTİM;51,5 +2.00;N.AVCİ;İLKE BETİR AKBAŞ;K.ŞENGEL;8;%70.96(1);58;2:09.38;1,05;7,5 Boy
3;MONUMENTAL KG DB SK;4y d  a;MYBOYCHARLIE (IRE);PIN UP;56;Ö.F.ÖZEN AP;RECEP AVŞAR;HÜS.KARABULUT;4;%9.84(2);52;2:10.70;8,75;7,5 Boy
4;FORTUNELLO SKG SK;7y d  a;SMART ROBIN (JPN);SPIRA (IRE);60;R.KETME AP;SELİN DİKENCİK;M.ÖZGÜL;7;%3.99(5);58;2:12.05;17,60;2 Boy
5;ÇAVDARLI DB SKG SK;6y d  a;SALVATORE;RUZİ;60;E.AKPINAR AP;ALİ OSMAN ARSLAN;M.ÖZGÜL;3;%4.07(4);58;2:12.40;13,05;
6;NADUH KG DB SK;4y d  a;SIDNEY'S CANDY (USA);TIA JUANA (IRE);58;M.A.AKGÖBEK AP;SONGÜL YILDIRIM;Ö.YILDIRIM;6;%0.68(8);56;2:14.26;79,95;
7;TILO GIRL KG SK;4y d k;THREE VALLEYS (USA);SECRET NAME;52 +1.70;C.PASO;NEDİM BAYRAK;R.KARABULUT;5;%1.2(7);40;2:17.02;38,25;
8;AYBAR FIRTINASI KG SK;4y d  a;SUPER SAVER (USA);CHI BOMB;60,5;O.YILDIZ;M.DORUK YILMAZ;E.ÇİLEK;1;%2.33(6);57;2:22.05;27,00;
GANYAN(8) :15,95 TL, İKİLİ(3/8) :5,00 TL, SIRALI İKİLİ(8/3) :22,10 TL, ÜÇLÜ BAHİS(8/3/6) :148,50 TL, PLASE(3) :1,05 TL, PLASE(8) :1,05 TL, 2. ÇİFTE(8/8) :59,65 TL

4. Kosu :   15.00;ŞARTLI 5; 3 Yaşlı İngilizler; 58.00kg; 2000m; Çim;;;;Rekor Derece :2.00.29
İkramiye;;;;;Yetiştirici Primi;;;;
1.)630.000 TL;2.)252.000 TL;3.)126.000 TL;4.)63.000 TL1.)113.400 TL;2.)45.360 TL;3.)22.680 TL;4.)11.340 TL
At No;At İsmi;Yaş;Orijin(Baba);Orijin(Anne);Kilo;Jokey Adı;Sahip Adı;Antrenör Adı;St;AGF;H;Derece;Ganyan;Fark
1;SHEEP STEALER K;3y d  e;EPAULETTE (AUS);CHAPOSA STRIKE (USA);55;N.AVCİ;ŞEYDA ERCAN;M.ANAT;3;%37.12(2);52;2:08.24;1,45;2 Boy
2;BABA BATTAL KG DB SK;3y d  e;FINESSE;MARWARI;54 +1.50;A.MEH.ALTIN AP;AZİZ BECENE;İ.TURAN;2;%4.08(4);50;2:08.52;10,25;25 Boy
3;MISS CONQUEROR DB SK;3y k  d;GENERAL QUARTERS (USA);SEYİR;58 +0.20;O.YILDIZ;LEYLA NAGİHAN ÇETİNKAYA;R.KILIÇ;1;%40.01(1);66;2:12.29;2,25;14 Boy
4;AZP STAR DB SK;3y d  e;HAKEEM (USA);MISS TUDOR;58;MAH.TURAN;HASAN YAVUZEL;Y.TUNCAY;4;%18.79(3);63;2:14.62;3,65;
GANYAN(3) :1,45 TL, SIRALI İKİLİ(3/4) :16,05 TL, 3. ÇİFTE(8/3) :24,00 TL

5. Kosu :   15.30;Handikap 14/DHÖW /H2; 4 Yaşlı Araplar; kg; 1900m; Kum;;;;Rekor Derece :2.11.51
İkramiye;;;;;Yetiştirici Primi;;;;
1.)400.000 TL;2.)160.000 TL;3.)80.000 TL;4.)40.000 TL;5.)20.000 TL;1.)72.000 TL;2.)28.800 TL;3.)14.400 TL;4.)7.200 TL;5.)3.600 TL;
At No;At İsmi;Yaş;Orijin(Baba);Orijin(Anne);Kilo;Jokey Adı;Sahip Adı;Antrenör Adı;St;AGF;H;Derece;Ganyan;Fark
1;SANCARLI BEY KG K DB;4y k  a;KUTLUERİNOĞLU;HAN KUTLU;57;B.M.MIRIK;İ.SUAT KUTLU;K.ŞENGEL;6;%12.83(3)  %10.93(3);43;2:15.07;7,50;6 Boy
2;LUNA KG K;4y k k;YILMABAŞAR;MAHSİMA;54,5 +1.30;M.A.AKGÖBEK AP;MELİKE ÇELİK;S.AKCI;2;%10.81(4)  %8.88(4);38;2:16.15;10,35;2 Boy
3;ÇUBUKLU;4y a  a;TAYKUT;HAZİRANKIZI;54,5 +1.80;O.ÖZTÜRK;BARIŞ KARAGÖZ;A.ÖCAL;8;%19.12(2)  %27.69(1);38;2:16.49;2,20;Baş
4;KESTENOĞLU KG DB SK;4y a  a;SERDÜMEN;SEVDALIMSINCAN;54 +2.00;E.BOZDAĞ;MELTEM PALIT;Y.TAŞKIN;11;%2.29(10)  %1.67(11);37;2:16.51;37,75;Yarım Boy
5;DERMANCAN KG DB SK;4y d  a;SERDÜMEN;BERRACAN;55,5 +1.00;MAH.TURAN;MURAT KINAY;K.KINAY;5;%8.37(5)  %6.38(5);40;2:16.61;10,15;
6;TATARUŞAĞI KG DB SK;4y k  a;TAMERİNOĞLU;TATARKIZ;58,5;A.MEH.ALTIN AP;AHMET ALTIN;M.TÜRKOĞLU;4;%21.77(1)  %23.76(2);50;2:18.56;3,45;
7;DEĞERBİLİR KG DB SK;4y a k;AYABAKAN;ALLI TURNAM;55 +1.70;E.AKPINAR AP;RECEP KETME;S.BAYDAN;1;%1.21(12)  %0.83(12);41;2:18.82;33,65;
8;MOR BEYAZ KG DB SK GKR;4y k  a;EMBİR HAN;MOR ELMAS;53 +0.50;Ö.F.ÖZEN AP;NURTEN ERDÖLEK;N.GÖNÜLTAŞ;9;%2.21(11)  %3.17(9);35;2:18.96;16,00;
9;KIZIL KUYRUK KG;4y k  a;SONALP;ŞEKERPINAR;52 +2.00;R.KETME AP;TÜRKAN ALTIN;FER.ALTIN;10;%5.52(7)  %4.33(7);39;2:19.96;12,60;
10;GAZNE EFESİ KG SK;4y k  a;ATOMKARINCA;BAFRALI;52 +0.90;S.TIRPAN;İSKENDER DEMİRCİ;R.COŞKUN;12;%0.62(14)  %0.53(14);33;2:20.24;49,10;
11;SARI ÖMER KG K DB GKR;4y d  a;SAADIN GÜCÜ;İLDEM;54;Y.E.YÜKSEL AP;GÖKHAN ERDOĞAN;E.ÇİLEK;3;%6.83(6)  %5.31(6);37;2:22.14;11,25;
12;AVANOS EFESİ KG DB SK;4y a  a;BERKSOY;HÜZÜN;54,5 +2.00;T.ALICI;SÜLEYMAN KILIÇASLAN;K.ŞENGEL;14;%4.13(8)  %3.32(8);38;2:22.25;20,05;
13;ÜNSALBEYİM KG DB SK;4y k  a;ÖZHABER;SİYAH ALTIN;54,5 +1.90;T.YILDIZ;ABDULLAH KILINÇ;Y.AKBULUT;13;%3.42(9)  %2.55(10);38;2:22.96;29,30;
14;İZ ENDER;4y k k;ENDEREFE;İZKIZ;53;O.ATMACA;YUSUF KAYA;M.A.KAYA;7;%0.85(13)  %0.67(13);35;2:31.23;36,50;
GANYAN(2) :7,50 TL, İKİLİ(2/8) :37,50 TL, SIRALI İKİLİ(2/8) :73,85 TL, 4. ÇİFTE(3/2) :18,50 TL

6. Kosu :   16.00;Maiden; 3 Yaşlı İngilizler; 58.00kg; 1300m; Çim;;;;Rekor Derece :1.15.06
İkramiye;;;;;Yetiştirici Primi;;;;
1.)545.000 TL;2.)218.000 TL;3.)109.000 TL;4.)54.500 TL;5.)27.250 TL;1.)130.800 TL;2.)52.320 TL;3.)26.160 TL;4.)13.080 TL;5.)6.540 TL;
At No;At İsmi;Yaş;Orijin(Baba);Orijin(Anne);Kilo;Jokey Adı;Sahip Adı;Antrenör Adı;St;AGF;H;Derece;Ganyan;Fark
1;LORD OF POWER DB;3y d  e;CAPTAIN RIO (GB);FEVKALADE;62;N.ŞEN;GIYASETTİN ŞEN;U.YOĞURTCU;15;%19.89(2)  %18.57(2);34;1:20.66;3,00;1,5  Boy
2;SHAREHOLDER KG DB SK;3y d  e;VICTOIRE PISA (JPN);LUCKY NUMBER;61;G.ÖZÇELİK;SELİM KAYA;V.KARAKUŞ;3;%15.2(3)  %14.95(3);34;1:20.88;6,15;2,5 Boy
3;LADY CLASSMAN  KG DB SK;3y d  d;APPROVE (IRE);LILYANA GRACE;56;B.M.MIRIK;KEREM DAĞ;R.KILIÇ;11;%4.64(7)  %4.5(7);22;1:21.23;17,25;Baş
4;GOLDEN SAIL KG K;3y a  e;PIANO SONATA;GOLD TULIP;55 +0.90;A.MEH.ALTIN AP;IŞIK KADER KALKAVAN;M.ESMER;13;%8.49(5)  %8.48(5);;1:21.26;10,40;2 Boy
5;CALIFORNIA FIRE K DB SKG;3y d  e;PAPA CLEM (USA);GÜLSULTAN;58;N.AVCİ;SADETTİN ER;Mİ.ER;5;%12.3(4)  %11.81(4);22;1:21.55;5,50;
6;HEVSEL SKG SK;3y d  d;EPAULETTE (AUS);LADY DÖKER;56 +1.10;T.ALICI;SÜLEYMAN KILIÇASLAN;K.ŞENGEL;16;%1.65(10)  %1.63(10);;1:21.72;46,35;
7;MERVE BAŞKAN KG K DB GKR;3y d  d;KLIMT (USA);SUN STORM;52 +2.00;R.KETME AP;FIRAT KÖKSAL;S.TURAN;6;%0.64(13)  %0.61(13);22;1:22.07;42,05;
8;RISING PEARL KG K DB GKR;3y d  d;TIZWAY (USA);ZVEJDAM;56 +0.20;E.BOZDAĞ;RECAİ YAVUZ;Y.GÜNDOĞDİ;7;%0.46(14)  %0.39(14);9;1:22.39;77,70;
9;MISS HARD KG K DB;3y d  d;RHYTHM DIVINE;MISS ANZAS;56 +0.60;O.EREN;SIDDIK KAYA;S.YARDIMCI;12;%1(11)  %0.7(12);12;1:22.45;54,05;
10;LUPIN K DB;3y d  d;AMERİKALI;INDIGO;56;C.ALTUN;KEMAL KURT;F.TOSUN;1;%4.78(6)  %4.49(6);;1:22.82;9,50;
11;SEVEN SKY ALMİLA SK;3y d  d;NOBEL PRIZE (IRE);CHAMPION GIRL;56 +0.50;A.CEYLAN AP;ALİ ERTAN BİLGİLİ;H.ÇARIKÇI;10;%0.34(15)  %0.29(15);11;1:23.17;61,75;
12;PUSAT YİĞİDİ KG DB SK;3y d  e;AIR VICE MARSHAL (USA);SPECTRUM GIRL;58 +0.30;C.PASO;ALİ ARI;EM.KAYA;9;%3.65(8)  %3.32(8);29;1:23.56;18,90;
13;PARSİS KG DB SK;3y k  e;TOMS;OVER FLOWING;55 +0.60;M.A.AKGÖBEK AP;KADİR ZAHİ;S.AKCI;4;%0.88(12)  %0.79(11);9;1:23.59;44,05;
14;MY HAZEL EYES SK;3y d  d;MER DE GLACE (JPN);ATEŞGEÇİRMEZ;58;O.YILDIZ;SEVDA ÖZGEN;E.ÇİLEK;2;%20.3(1)  %24.27(1);31;1:23.98;2,90;
15;BREAD MONEY DB SKG SK;3y d  e;EPAULETTE (AUS);GIRL OF TROY;58;A.İNCİ;HALİL İBRAHİM ARSLAN;R.COŞKUN;14;%2.87(9)  %2.42(9);14;1:24.30;25,30;
16;ACOUSTIC SONG DB SK;3y d  d;AMERİKALI;ACOUSTIC COVER;56 +0.40;E.AKPINAR AP;KEMAL KURT;F.TOSUN;8;%2.93(6)  %2.76(6);;1:28.56;9,50;
[(12)LUPIN,(9)ACOUSTIC SONG,] eküridir.GANYAN(1) :3,00 TL, 1. 6'LI GANYAN(9/8/8/3/2/1) :104.614,06 TL, 1. 5'Lİ GANYAN(8/8/3/2/1) :8.855,25 TL, 1. 4'LÜ GANYAN(8/3/2/1) :1.932,43 TL, 1. 3'LÜ GANYAN(3/2/1) :134,60 TL, İKİLİ(1/2) :14,75 TL, SIRALI İKİLİ(1/2) :23,30 TL, PLASE(1) :1,30 TL, PLASE(2) :2,75 TL, PLASE İKİLİ(1/11) :20,40 TL, PLASE İKİLİ(1/2) :10,50 TL, PLASE İKİLİ(2/11) :18,20 TL, SIRALI 5 Lİ BAHİS(1/2/11/5/4) :12.248,25 TL, TABELA BAHİS(1/2/11/5) :1.743,82 TL, TABELA BAHİS SIRASIZ(1/2/11/5) :66,22 TL, 5. ÇİFTE(2/1) :39,15 TL

7. Kosu :   16.30;Handikap 14/DHÖW /H2; 4 ve Yukarı Araplar; kg; 1400m; Kum;;;;Rekor Derece :1.33.63
İkramiye;;;;;Yetiştirici Primi;;;;
1.)400.000 TL;2.)160.000 TL;3.)80.000 TL;4.)40.000 TL;5.)20.000 TL;1.)72.000 TL;2.)28.800 TL;3.)14.400 TL;4.)7.200 TL;5.)3.600 TL;
At No;At İsmi;Yaş;Orijin(Baba);Orijin(Anne);Kilo;Jokey Adı;Sahip Adı;Antrenör Adı;St;AGF;H;Derece;Ganyan;Fark
1;KING GÖKÇE KG DB SK;4y a  a;TAYKUT;HOŞNİGAR;58,5;GÖKH.GÖKÇE;TUNCER GÖKÇE;SEN.GÖKÇE;9;%11.79(3);43;1:36.81;7,90;3,5 Boy
2;KİM TUTAR SENİ KG DB SK;4y a k;EMBİR HAN;DUYGU SELİ;55,5;B.M.MIRIK;MEHMET SARP;Ş.AKDUMAN;11;%7.28(6);37;1:37.35;12,75;2 Boy
3;JINIRAL DB SKG SK;4y a  a;GELİBOLU;MELDAN;52 +1.80;R.KETME AP;M.ÖMER NAUSHAD MA;S.C.GÖZÜNGÜ;10;%0.66(14);36;1:37.68;62,60;Yarım Boy
4;BERANÇE KG K;4y a k;UÇANBEY;EMİRGÜLÜ;54,5 +1.00;M.A.AKGÖBEK AP;ONUR OKAN TOPALOĞLU;S.AKCI;14 - DS;%1.61(11);39;1:37.78;34,25;1 Boy
5;ZENG KG;6y d  a;TÜMÖZ BEY;KAFKASLIDEVRANI;53,5;E.KORKMAZ AP;ÖZKAN SAVRAN;M.A.KAYA;7;%0.58(15);35;1:37.92;23,90;
6;ÇUKUROVA EFESİ KG DB SK;4y a  a;BERKSOY;HABERTAY;58;N.AVCİ;EYÜP ERDEMİR;Y.AKBULUT;4;%28.07(1);42;1:37.94;2,15;
7;İLCİN HATUN KG K DB;6y a k;KAIZBERT (RU);LAMAZİ;57,5;O.ATMACA;METE ÇELİK;U.GÖKÇE;2;%1.43(10);37;1:38.08;25,55;
8;THORADA KG SK;4y a k;THOR;ADANUS;57;E.BOZDAĞ;ADİL TURAN;İ.TURAN;3;%5.05(8);40;1:38.23;17,20;
9;KOVAN DB SKG SK;5y d k;EMBİR HAN;ZEHİREM;56,5;S.GÜLENYÜZLER AP;OKTAY SEKİN;M.A.KAYA;16 - DS;%1.31(12);35;1:39.57;53,55;
10;TINASINOĞLU KG DB SK;4y a  a;MERTADAM;HALİDİNKIZI;56,5 +0.30;A.İNCİ;İRFAN AKGÜL;S.BAYDAN;15 - DS;%4.77(9);39;1:42.45;17,40;
11;NEFESİMOL K DB;4y k k;GÜNTAY;GÜLFEM;54;C.PASO;SAİM GÖRMEZ;K.ŞENGEL;1;%13.48(2);34;1:42.49;5,85;
12;ADALOF KG DB SK;4y a  a;BİÇER;TAKI;54;S.TIRPAN;METE ÇELİK;U.GÖKÇE;12;%0.35(10);34;1:43.05;25,55;
13;BALATÜRK KG DB SK;4y k  a;YAŞARCIK;CAVİDANHANIM;54,5 +1.00;A.MEH.ALTIN AP;EMRE ÜNSEVER;Y.TAŞKIN;13;%9.43(4);37;1:43.77;4,70;
14;ESMERDAĞ DB;5y k  a;YILMABAŞAR;GÜRAÇAR;61,5;MAH.TURAN;MEHMET BİRDEN;V.TURAN;6;%5.29(7);45;1:44.07;15,95;
15;MADEİRA KG K;5y a  a;ARHANBEY;TUNCAL HANIM;58 +0.20;Ö.F.ÖZEN AP;RAMAZAN BAĞ;R.KILIÇ;5;%7.69(5);42;1:45.80;10,80;
16;DİLÇAĞ KG K DB;6y k k;TURBO;KOPAR GİDER;60;E.AKPINAR AP;DİLEK ÖKTEN;K.KAYALIK;8;%1.2(13);48;1:46.87;39,35;
[(10)İLCİN HATUN,(16)ADALOF,] eküridir.GANYAN(3) :7,90 TL, İKİLİ(3/11) :45,30 TL, SIRALI İKİLİ(3/11) :75,25 TL, PLASE(11) :6,30 TL, PLASE(3) :3,30 TL, PLASE İKİLİ(11/12) :181,20 TL, PLASE İKİLİ(3/11) :22,80 TL, PLASE İKİLİ(3/12) :234,70 TL, SIRALI 5 Lİ BAHİS(3/11/12/7/14) :Bilen çıkmamıştır, 178,869.10 TL devretmiştir., TABELA BAHİS(3/11/12/7) :33.925,95 TL, TABELA BAHİS SIRASIZ(3/11/12/7) :2.565,82 TL, 6. ÇİFTE(1/3) :37,20 TL

8. Kosu :   17.00;Handikap 15 /H2; 3 Yaşlı İngilizler; kg; 1800m; Çim;;;;Rekor Derece :1.46.66
İkramiye;;;;;Yetiştirici Primi;;;;
1.)490.000 TL;2.)196.000 TL;3.)98.000 TL;4.)49.000 TL;5.)24.500 TL;1.)88.200 TL;2.)35.280 TL;3.)17.640 TL;4.)8.820 TL;5.)4.410 TL;
At No;At İsmi;Yaş;Orijin(Baba);Orijin(Anne);Kilo;Jokey Adı;Sahip Adı;Antrenör Adı;St;AGF;H;Derece;Ganyan;Fark
1;PRANDELLO K;3y a  e;PHOENIX OF SPAIN (IRE);DANCING D QUEEN (IRE);53,5;Ö.F.ÖZEN AP;A.LEVENT DİLMAÇ;İ.ÇAK;3;%16.66(3);38;1:51.42;4,40;5 Boy
2;CHOSEN ONE DB SK;3y a  e;CRIMEAN TATAR;GOLDEN RATIO;60,5;G.ÖZÇELİK;SERVET KAZANKAYA;T.YILMAZ;1;%30.4(1);48;1:52.27;1,65;2,5 Boy
3;SKY CRUISE DB SK;3y d  e;GÜNGÖR BABA;GABRIEL;57 +0.20;MAH.TURAN;EYYÜP AYDINLIKTA;İ.TURAN;7;%9.61(4);41;1:52.59;7,25;2 Boy
4;BLACKFYRE KG K DB;3y d  e;VICTOR LUDORUM (GB);GAVEA (IRE);57;N.AVCİ;ŞEYDA ERCAN;S.ÖZGEZER;5;%30.22(2);41;1:52.88;3,05;6 Boy
5;YOU AND ME DB SKG SK;3y d  d;HASAFET;NO DRAMA;55;C.PASO;MEHMET KATAR;M.ATAL;4;%1.3(7);37;1:53.96;26,05;
6;SHADOW MASTER K;3y d  e;LUXOR;SOLO GİTAR;55,5 +1.00;O.ÖZTÜRK;SİNAN AKKUŞ;A.ÖCAL;2;%5.5(6);38;1:55.69;12,70;
7;KINGS OF COUNTRIES SK;3y d  e;KING DAVID (USA);THE FIRE GIRL;52,5 +0.10;S.TIRPAN;METİN TURGUT;Ö.F.TAŞDELEN;6;%6.32(5);32;2:00.92;12,45;
GANYAN(4) :4,40 TL, İKİLİ(1/4) :6,15 TL, SIRALI İKİLİ(4/1) :13,95 TL, ÜÇLÜ BAHİS(4/1/3) :108,30 TL, 7. ÇİFTE(3/4) :56,95 TL

9. Kosu :   17.30;ŞARTLI 3/DHÖW; 4 ve Yukarı Araplar; 58.00kg; 59.50 kg; 1200m; Kum;;;;Rekor Derece :1.19.33
İkramiye;;;;;Yetiştirici Primi;;;;
1.)400.000 TL;2.)160.000 TL;3.)80.000 TL;4.)40.000 TL;5.)20.000 TL;1.)72.000 TL;2.)28.800 TL;3.)14.400 TL;4.)7.200 TL;5.)3.600 TL;
At No;At İsmi;Yaş;Orijin(Baba);Orijin(Anne);Kilo;Jokey Adı;Sahip Adı;Antrenör Adı;St;AGF;H;Derece;Ganyan;Fark
1;DEMİRKARDEŞLER KG DB SK;6y k  a;ENDEREFE;DEMİR ALTUN;59,5;N.AVCİ;HAMİT DEMİR;K.ŞENGEL;8;%28.99(1);91;1:20.21;3,00;1 Boy
2;İLAYTAY KG SK;6y d  a;EMBİR HAN;TEKFORD İLAY;56,5;Ö.F.ÖZEN AP;ERKUL ÖCAL;R.SUNA;5;%23.87(2);93;1:20.36;3,40;Boyun
3;HIZLI ÇOCUK KG DB GKR;5y a  a;ALTINCI HİS;ALARAP;59,5;A.MEH.ALTIN AP;KADRİ BAŞKURT;SEN.GÖKÇE;9;%13.88(4);90;1:20.40;6,40;1 Boy
4;ŞEKER HALHAL DB SK;5y a k;CÖMERTKAN;GÜLŞEKER;54,5;O.ATMACA;REYHAN ŞEKER;C.YILDIRIM;6;%5.71(5);86;1:20.58;12,95;4 Boy
5;IŞINBİKE KG DB SK;6y d k;SAADIN GÜCÜ;ALARAP;57,5 +0.20;O.YILDIZ;KEZİBAN GÜNDÜZELİ;HÜS.KARABULUT;7;%4.36(6);82;1:21.18;11,20;
6;O BİR ÇELİK KG K;6y a  a;KAIZBERT (RU);JONATHAN;56,5;T.YILDIZ;MUNİR GÖKÇE;U.GÖKÇE;3;%14.87(3);107;1:21.90;3,05;
7;GÖRKEMLİDAĞ KG K;5y a  a;BAHARŞAH;ŞENPAL;56,5 +0.30;O.EREN;EMRAH GÖKÇE;R.COŞKUN;10;%1.08(9);68;1:24.56;31,90;
8;AYDINEFESİ KG K;6y k  a;ALİ RUHİ;KIRGÜLÜ;56,5;Y.E.YÜKSEL AP;SELİN DİKENCİK;M.ÖZGÜL;14 - DS;%0.43(12);64;1:25.02;48,35;
9;CANOĞLUCAN KG DB;8y a  a;HIZLITAY;TANEMCAN;59,5;MAH.TURAN;MUHARREM CAN;K.KINAY;4;%2.8(7);89;1:25.85;17,10;
10;DADY KG DB;7y k  a;BUZKAYA;BAĞDAD;52,5;M.T.ERTAL AP;ÖZKAN SAVRAN;M.A.KAYA;11;%0.09(10);51;1:26.44;22,95;
11;OĞLUM KUTAY KG SK;4y a  a;DEMİRDÖVEN;BİRSENLİ;55;S.GÜLENYÜZLER AP;TAMER ÖZMEN;Y.GÜNDOĞDİ;2;%0.5(11);;1:26.94;48,95;
12;ZAGROS ASLANI KG DB;5y k  a;YILMABAŞAR;KINALI KUZU;56,5;G.ÖZÇELİK;REMZİ AKBULUT;Y.AKBULUT;13;%2.76(8);91;1:28.06;24,40;
13;ŞİMŞEK KARTALI KG;5y k  a;ŞİMŞEĞİNOĞLU;KÜÇÜK DİLBER;52,5;A.VURAL AP;ÖZKAN SAVRAN;M.A.KAYA;1;%0.11(10);7;1:28.64;22,95;
14;FIRTINA SALİH DB;4y k  a;BUMBAİ;DOĞUNUN GÜNEŞİ;51 +1.10;E.KORKMAZ AP;ÖZKAN SAVRAN;M.A.KAYA;12;%0.56(10);34;1:29.78;22,95;
[(13)DADY,(14)ŞİMŞEK KARTALI,(11)FIRTINA SALİH,] eküridir.GANYAN(3) :3,00 TL, İKİLİ(3/4) :5,70 TL, SIRALI İKİLİ(3/4) :11,70 TL, PLASE(3) :1,05 TL, PLASE(4) :1,05 TL, PLASE İKİLİ(1/3) :8,30 TL, PLASE İKİLİ(1/4) :5,60 TL, PLASE İKİLİ(3/4) :4,50 TL, SIRALI 5 Lİ BAHİS(3/4/1/9/5) :1.857,12 TL, TABELA BAHİS(3/4/1/9) :293,02 TL, TABELA BAHİS SIRASIZ(3/4/1/9) :11,77 TL, 8. ÇİFTE(4/3) :20,30 TL

10. Kosu :   18.00;Maiden; 3 Yaşlı İngilizler; 58.00kg; 1300m; Çim;;;;Rekor Derece :1.15.06
İkramiye;;;;;Yetiştirici Primi;;;;
1.)545.000 TL;2.)218.000 TL;3.)109.000 TL;4.)54.500 TL;5.)27.250 TL;1.)130.800 TL;2.)52.320 TL;3.)26.160 TL;4.)13.080 TL;5.)6.540 TL;
At No;At İsmi;Yaş;Orijin(Baba);Orijin(Anne);Kilo;Jokey Adı;Sahip Adı;Antrenör Adı;St;AGF;H;Derece;Ganyan;Fark
1;MY LIFE FIRE KG DB SK;3y d  e;JUNGLE MAN;HOPE;58 +0.10;O.YILDIZ;İ.SUAT KUTLU;K.ŞENGEL;2;%20.92(2);31;1:20.41;3,65;2,5 Boy
2;BEST AND FAST K DB;3y d  d;MYBOYCHARLIE (IRE);EVANGELICAL (GB);56 +0.70;E.AKPINAR AP;A.LEVENT DİLMAÇ;İ.ÇAK;11;%0.36(14);9;1:20.78;86,15;Yarım Boy
3;YAĞIZ BİKE KG K DB;3y y  d;VICTOIRE PISA (JPN);RUZİ;56;O.ATMACA;BATURHAN ŞOLPAN;İ.KIZILDAĞ;1;%8.65(5);34;1:20.83;6,60;1,5  Boy
4;GIPSY THUNDER KG K DB;3y d  d;MYBOYCHARLIE (IRE);ADASTRALINA;56;E.BOZDAĞ;İBRAHİM TAŞEL;N.KAYA;14;%2.17(9);;1:21.06;19,70;2,5 Boy
5;MR FIX KG DB;3y d  e;SUPER SAVER (USA);CHILLOUT MOODS;60;S.ÇETİN;İBRAHİM ALİ BABAYİĞİT;F.SEZER;7;%25.57(1);31;1:21.40;4,10;
6;MY STAR GIRL K SKG;3y d  d;SUPER SAVER (USA);BABY AZRA;53 +2.00;M.A.AKGÖBEK AP;MECNUN ALDAĞ;A.TEMİZER;9;%0.38(13);;1:21.62;74,95;
7;REBEL MOON KG K;3y d  e;FAVORITAS;VIOLET IVY;58;Y.E.YÜKSEL AP;SELİN DİKENCİK;M.ÖZGÜL;16;%1.48(8);17;1:21.95;13,40;
8;VASILISA K DB;3y d  d;NATIVE KHAN (FR);ÇİPİTÇİ;54 +1.60;A.MEH.ALTIN AP;CEM ÇINAR;M.ATAL;15;%3.55(7);19;1:22.18;18,90;
9;SHARP SWORD KG DB SK;3y d  e;KULOĞLU;BLAZING SPEED;58 +0.20;N.ŞEN;ONUR TÜRKER;M.ÖZGÜL;5;%1.17(10);;1:22.31;29,45;
10;JULYUS KG K;3y d  e;CALL TO VICTORY;ABEILLE (IRE);54 +0.20;R.KETME AP;H.TARIK DİKENCİK;M.ÖZGÜL;6;%1.27(8);8;1:22.41;13,40;
11;ERİKDALI KG DB SK;3y d  d;VICTOIRE PISA (JPN);NURSENA;60;G.ÖZÇELİK;DİLEK ÖKTEN;K.KAYALIK;12;%14.79(3);35;1:22.79;5,40;
12;KHAN OF THE FOREST DB SK;3y d  e;GAZIBORA KHAN (GB);MONDAY MORNING (IRE);54;B.BÜLBÜL AP;YELİZ BAL;Y.AKBULUT;8;%12.78(4);;1:23.01;3,65;
13;ALL ALONE K DB;3y d  d;BATTLEGROUND (USA);RAMAELA;56 +0.80;O.EREN;CAN ÇAĞRI;E.TURAN;3;%0.5(12);;1:23.14;52,45;
14;ROYAL BENGAL TIGER KG K;3y d  e;TORUK MACTO (IRE);GREEN BELL;56 +0.50;A.CEYLAN AP;HASAN DOLMAZ;H.DOLMAZ;4;%0.69(11);11;1:23.21;36,35;
15;PLIOSAUR KG DB SK;3y d  d;AIR VICE MARSHAL (USA);INVISIBLE WOMAN;56;S.TIRPAN;H.TARIK DİKENCİK;M.ÖZGÜL;10;%0.32(8);9;1:24.45;13,40;
16;BOLUN SK;3y d  d;TOROK (IRE);BİNBİR UMUT;56 +0.10;C.PASO;LEVENT SARIKAYA;HÜS.KARABULUT;13;%5.39(6);;1:27.92;13,25;
17;YÜKSELCANDIR K DB SKG (Koşmaz);3y d  d;LUXOR;CAMINIYA (FR);56;C.ALTUN;REŞİT TUMBUL;A.MANTAŞ;17 - DS;%0.01(15);;Koşmaz;;
[(5)REBEL MOON,(2)JULYUS,(14)PLIOSAUR,] eküridir.GANYAN(4) :3,65 TL, 7'Lİ PLASE(3,4/2,8/1,2/3,11/1,4/3,4/4,10) :1.785,20 TL, 2. 6'LI GANYAN(2/1/3/4/3/4) :26.706,81 TL, 2. 5'Lİ GANYAN(1/3/4/3/4) :3.735,90 TL, 2. 4'LÜ GANYAN(3/4/3/4) :848,22 TL, 2. 3'LÜ GANYAN(4/3/4) :126,60 TL, İKİLİ(4/10) :263,35 TL, SIRALI İKİLİ(4/10) :300,10 TL, PLASE(10) :30,15 TL, PLASE(4) :2,30 TL, PLASE İKİLİ(10/16) :203,30 TL, PLASE İKİLİ(4/10) :169,70 TL, PLASE İKİLİ(4/16) :11,50 TL, SIRALI 5 Lİ BAHİS(4/10/16/12/1) :425.256,75 TL, TABELA BAHİS(4/10/16/12) :420.826,65 TL, TABELA BAHİS SIRASIZ(4/10/16/12) :2.073,00 TL, 9. ÇİFTE(3/4) :18,60 TL, 7'Lİ GANYAN(3/2/1/3/4/3/4) :53.716,60 TL

